category,대출건수합계,평균대출건수
808.9,775033,34.42602052147648
813.6,444963,64.13418852695301
843,213074,28.76657216146888
408,142044,30.299488054607508
813.8,117737,21.965858208955225
833.6,103494,36.06062717770035
747,91326,17.63731170336037
813.7,79639,17.564843405381563
375.1,79111,26.95434412265758
818,58621,16.22951273532669
863,56306,28.138930534732634
911,48851,27.552735476593345
909,45793,28.337252475247524
990.8,43064,27.238456672991777
833.8,34481,28.42621599340478
031,34395,27.16824644549763
410,32791,26.31701444622793
199.1,31244,23.109467455621303
853,27502,25.39427516158818
823.5,26781,68.84575835475579
327.856,26628,33.621212121212125
080,24586,30.925786163522012
325.04,23266,26.711825487944893
388.311,21697,43.65593561368209
400,21401,25.386714116251483
325.211,19275,13.121170864533696
802,18355,19.610042735042736
823.7,17433,28.862582781456954
808.3,17287,27.223622047244096
911.05,16721,23.4187675070028
320,16565,32.737154150197625
380.911,16381,29.67572463768116
410.8,16332,32.404761904761905
598.1,16266,18.935972060535505
407,16204,64.3015873015873
004.76,16144,20.487309644670052
082,15835,16.792152704135738
747.5,15421,19.92377260981912
327.87,15374,27.551971326164875
373.4,15127,28.86832061068702
991.1,15000,22.058823529411764
108,14984,27.59484346224678
711.47,14673,64.07423580786026
911.03,14027,42.63525835866261
814.6,14013,22.638126009693053
375.2,13721,30.28918322295806
594.51,13424,52.64313725490196
404,13272,26.650602409638555
980.24,12547,28.45124716553288
682,12381,15.456928838951312
990,12195,21.93345323741007
327.04,11962,24.817427385892117
745,11603,26.921113689095126
594.5,11375,26.20967741935484
657.1,11261,42.33458646616541
005.3,10841,30.452247191011235
811.8,10764,13.488721804511279
189,10705,22.072164948453608
320.4,10606,48.87557603686636
219.2,10430,58.92655367231639
740.77,9967,30.021084337349397
813.808,9947,14.890718562874252
744,9530,27.54335260115607
308,9459,24.378865979381445
325.1,9324,12.515436241610738
810.8,9254,38.239669421487605
883,9058,24.481081081081083
684,8600,14.214876033057852
234.8,8287,14.487762237762238
711.4,8163,30.920454545454547
981.102,7878,20.356589147286822
005.133,7823,14.7882797731569
233,7785,21.685236768802227
816.6,7697,29.71814671814672
814.7,7689,9.921290322580646
813.5,7614,19.879895561357703
373,7581,22.166666666666668
327.8,7516,26.84285714285714
911.008,7437,78.28421052631579
325.337,7383,45.29447852760736
740,7181,18.60362694300518
410.4,7167,36.196969696969695
740.7,7081,22.915857605177994
634.9,7008,37.07936507936508
810.82,6766,16.071258907363422
843.6,6562,10.06441717791411
811.6,6540,14.342105263157896
838,6420,22.846975088967973
686,6360,6.905537459283388
813.6082,6112,37.962732919254655
327.85,5957,43.481751824817515
848,5876,15.18346253229974
372.42,5765,26.085972850678733
104,5668,14.134663341645885
980,5619,21.94921875
539.9,5525,13.092417061611375
747.2,5406,37.282758620689656
321.55,5401,14.288359788359788
375.4,5380,20.225563909774436
004.077,5352,40.85496183206107
199,5345,18.367697594501717
879,5344,40.18045112781955
367.564,5330,44.049586776859506
380,5268,37.098591549295776
873,5264,17.60535117056856
325.555,5262,21.048
100,5238,13.748031496062993
029.4,5211,18.744604316546763
595.4,5123,29.274285714285714
650.8,4999,27.021621621621623
859.7,4988,20.87029288702929
507.5,4982,32.35064935064935
001.3,4809,11.992518703241895
181.7,4703,21.184684684684683
811.7,4594,4.069087688219663
892.1,4589,29.416666666666668
813.5082,4577,70.41538461538461
511.1,4565,32.3758865248227
457.279,4531,53.94047619047619
180,4271,30.29078014184397
219.21,4261,25.064705882352943
420,4190,19.045454545454547
490,4181,19.909523809523808
336.24,4155,17.240663900414937
843.5,4152,16.030888030888033
472.5,4108,29.34285714285714
181.3,4097,25.60625
650.4,4080,14.676258992805755
189.2,4067,16.011811023622048
922,4062,52.07692307692308
199.5,4058,22.544444444444444
981.302,4058,35.91150442477876
512.57,4045,15.73929961089494
859.32,4040,54.5945945945946
685,4024,12.305810397553516
817,3992,51.17948717948718
186.3,3991,21.00526315789474
320.1,3985,19.63054187192118
908,3980,13.964912280701755
658,3978,23.53846153846154
325.21,3975,13.205980066445182
190,3883,19.61111111111111
746,3819,24.170886075949365
325.3,3785,16.74778761061947
005.1,3777,14.093283582089553
005.13,3776,14.984126984126984
511.1813,3765,16.883408071748878
182.2,3724,27.38235294117647
186.5,3711,18.555
378.9,3692,20.285714285714285
239.3,3685,38.385416666666664
834,3680,21.149425287356323
508,3628,22.81761006289308
823,3612,33.757009345794394
005.43,3609,11.20807453416149
181.71,3609,21.355029585798817
813.508,3593,35.22549019607843
892.8,3590,25.642857142857142
325.9,3581,25.94927536231884
005.72,3556,16.61682242990654
592.27,3547,16.04977375565611
430,3544,30.551724137931036
472,3470,16.064814814814813
512.54,3466,16.504761904761907
517.32,3440,15.925925925925926
220.4,3433,14.92608695652174
188.5,3428,21.030674846625768
982.02,3417,20.58433734939759
300,3408,6.430188679245283
219,3402,20.618181818181817
912.021,3344,167.2
325.5,3337,11.586805555555555
340.99,3311,10.891447368421053
912,3272,17.130890052356023
029.8,3262,13.260162601626016
674.2,3223,27.54700854700855
327.83,3190,37.093023255813954
598.10212,3183,36.58620689655172
517.3,3168,12.82591093117409
338,3167,33.33684210526316
808,3130,13.911111111111111
030,3122,21.832167832167833
737.5,3074,19.2125
388.3,3055,29.95098039215686
409,3013,14.555555555555555
443.1,3004,19.763157894736842
688,2995,12.274590163934427
331.54,2965,13.355855855855856
593.5,2958,15.40625
388.6,2905,50.08620689655172
727.5,2889,14.445
691,2881,23.048
470,2871,17.295180722891565
029,2836,14.03960396039604
189.1,2812,11.815126050420169
491.508,2749,24.114035087719298
331.18,2732,22.95798319327731
730,2700,21.774193548387096
517.52,2693,17.953333333333333
689.3,2680,107.2
182.12,2672,32.58536585365854
370.4,2650,10.433070866141732
331.5,2590,9.885496183206106
004.73,2585,9.434306569343066
844,2584,17.34228187919463
591,2564,26.989473684210527
004.076,2530,36.666666666666664
594.71,2524,15.874213836477987
004,2511,11.413636363636364
842,2510,23.24074074074074
219.12,2485,69.02777777777777
495.2,2459,21.57017543859649
539,2451,9.726190476190476
592.2,2421,46.55769230769231
004.575,2406,11.242990654205608
802.5,2401,17.15
403,2390,28.452380952380953
650.99,2335,19.458333333333332
683,2305,11.24390243902439
813.608,2260,26.904761904761905
990.94,2198,21.134615384615383
843.08,2162,38.607142857142854
340.911,2162,5.7962466487935655
334,2156,15.076923076923077
802.3,2144,20.815533980582526
331.1,2140,15.39568345323741
326.16,2137,25.141176470588235
029.1,2092,10.155339805825243
573.93,2070,27.6
608,2044,11.292817679558011
338.15,2041,32.3968253968254
331,2038,13.148387096774194
224.3,2034,14.027586206896551
327.2,2029,15.8515625
325.24,2025,8.766233766233766
859.3,2020,13.289473684210526
720,2003,15.06015037593985
330,1990,21.630434782608695
737,1989,20.71875
816.7,1986,8.487179487179487
340.4,1976,8.131687242798353
321.329,1973,27.40277777777778
991.2,1961,44.56818181818182
332.2,1937,16.141666666666666
170,1937,25.486842105263158
714,1935,11.656626506024097
321,1925,50.6578947368421
650,1919,15.475806451612904
443,1916,15.704918032786885
510,1916,29.476923076923075
181.4,1913,26.205479452054796
005.138,1907,16.728070175438596
747.4,1902,34.58181818181818
005.2,1895,13.633093525179856
182.1,1892,26.27777777777778
656,1892,31.016393442622952
863.8,1884,62.8
372.68,1883,13.948148148148148
183.2,1878,27.217391304347824
005.11,1864,15.931623931623932
810,1862,14.777777777777779
695.8,1858,24.12987012987013
321.97,1855,10.081521739130435
001.44,1853,61.766666666666666
980.2,1839,18.575757575757574
495,1824,15.2
338.5,1821,37.16326530612245
334.225,1814,42.18604651162791
981.1,1810,13.02158273381295
388,1807,18.07
185.5,1806,18.242424242424242
360,1806,15.982300884955752
511,1805,15.973451327433628
148.3,1800,16.9811320754717
495.21,1798,62.0
808.1,1793,9.744565217391305
594.019,1781,15.222222222222221
375.44,1780,36.326530612244895
331.5412,1766,7.711790393013101
833,1764,46.421052631578945
327,1745,16.941747572815533
234.3,1743,16.289719626168225
670.15,1728,19.415730337078653
512.8,1727,21.860759493670887
651,1709,19.202247191011235
320.9,1705,19.825581395348838
337.2,1703,7.995305164319249
920,1692,16.42718446601942
325.26,1688,15.207207207207206
029.85,1687,30.125
511.4,1684,33.68
005.56,1673,29.875
670,1668,15.588785046728972
695.4,1665,22.80821917808219
636.5,1658,16.58
662,1654,19.458823529411763
598.122,1639,32.78
181.53,1625,18.67816091954023
859.82,1618,17.21276595744681
005.118,1616,17.19148936170213
320.911,1611,8.261538461538462
710,1608,11.652173913043478
594,1607,15.451923076923077
911.06,1605,7.5
165.77,1598,18.367816091954023
593.2,1590,27.894736842105264
911.07,1589,12.91869918699187
592.3,1582,38.58536585365854
329.4,1574,14.710280373831775
414.1,1572,33.4468085106383
892.83,1556,15.56
219.11,1555,27.767857142857142
338.6,1546,21.47222222222222
342.1,1531,13.429824561403509
802.56,1531,13.31304347826087
912.03,1531,16.824175824175825
325.099,1525,14.25233644859813
160,1523,13.72072072072072
199.8,1517,13.544642857142858
741.1,1512,22.90909090909091
517,1501,14.572815533980583
653,1496,12.89655172413793
656.2,1495,48.225806451612904
727,1495,16.797752808988765
490.8,1493,16.96590909090909
331.17,1483,20.887323943661972
653.11,1476,12.098360655737705
691.2,1475,30.729166666666668
813.62,1467,13.098214285714286
379,1460,20.0
340.1,1457,12.243697478991596
598.55,1451,26.381818181818183
981.2402,1445,42.5
450,1442,15.505376344086022
687,1434,16.1123595505618
670.99,1433,17.691358024691358
510.4,1420,11.833333333333334
410.9,1417,24.859649122807017
480,1416,12.421052631578947
235.2,1415,10.968992248062015
370.18,1414,18.85333333333333
476.1,1414,25.25
823.6,1413,40.371428571428574
304,1407,10.578947368421053
005.74,1404,13.371428571428572
331.544,1403,11.889830508474576
005.319,1402,18.44736842105263
652.52,1400,27.45098039215686
809.9,1396,13.96
681,1395,9.177631578947368
491.5,1394,22.126984126984127
325.8,1380,17.037037037037038
670.8,1380,44.516129032258064
380.8,1378,51.03703703703704
370.8,1376,14.795698924731182
735,1376,21.16923076923077
234.9,1370,17.125
410.7,1366,18.97222222222222
370.1,1360,12.830188679245284
237.2,1355,13.826530612244898
740.76,1350,20.454545454545453
609.2,1345,21.349206349206348
325,1342,14.126315789473685
440,1342,19.44927536231884
334.3,1325,13.383838383838384
325.93,1323,26.46
592.21,1315,42.41935483870968
219.23,1311,69.0
713.04,1311,29.795454545454547
233.1,1304,22.482758620689655
231,1300,8.49673202614379
309.111,1298,8.711409395973154
600,1298,9.614814814814816
401,1292,10.94915254237288
868,1288,18.140845070422536
715,1276,15.373493975903614
160.23,1267,25.857142857142858
230.4,1264,11.285714285714286
180.4,1262,30.78048780487805
334.22,1261,18.544117647058822
331.541,1260,9.333333333333334
005.53,1256,32.205128205128204
982.702,1252,21.964912280701753
001,1248,13.714285714285714
747.08,1240,35.42857142857143
609.9,1222,20.366666666666667
512.5156,1211,24.714285714285715
219.32,1210,86.42857142857143
372,1209,13.141304347826088
375.43,1200,24.489795918367346
609,1189,9.146153846153846
601,1186,11.295238095238096
636.3,1178,40.62068965517241
802.54,1177,28.023809523809526
005.565,1165,16.884057971014492
556,1163,18.171875
691.15,1161,16.585714285714285
181,1159,12.46236559139785
592.303,1157,44.5
813.8082,1154,39.793103448275865
321.89,1154,19.559322033898304
194.8,1146,29.384615384615383
913,1142,17.56923076923077
325.2112,1140,18.095238095238095
981.4102,1138,25.288888888888888
911.059,1136,8.606060606060606
843.8,1136,39.172413793103445
981.19902,1133,27.634146341463413
457,1130,22.6
109,1126,33.11764705882353
859.81,1121,13.188235294117646
337.1,1110,8.473282442748092
816.5,1109,24.644444444444446
859,1087,18.423728813559322
230.99,1083,12.892857142857142
981.32802,1082,30.914285714285715
550,1081,17.43548387096774
338.3,1074,17.60655737704918
725,1072,21.019607843137255
004.57,1059,16.546875
194,1056,16.5
326.165,1047,23.266666666666666
338.9,1046,45.47826086956522
410.99,1046,23.244444444444444
481.508,1043,11.588888888888889
233.08,1040,12.53012048192771
864,1037,17.283333333333335
634,1036,33.41935483870968
224.2,1035,19.528301886792452
717.6,1032,8.32258064516129
152.222,1028,14.082191780821917
236.99,1025,146.42857142857142
365,1025,16.80327868852459
081,1020,18.88888888888889
560,1017,22.6
476,1015,19.901960784313726
981.4402,1013,25.974358974358974
325.19,1012,9.035714285714286
349,1012,8.363636363636363
223.53,1001,17.25862068965517
688.09,996,11.717647058823529
551.151,996,18.79245283018868
453,991,12.3875
657.5,988,20.163265306122447
151.4,985,98.5
513.994,982,8.767857142857142
910,982,12.921052631578947
364.45,982,26.54054054054054
420.12,980,19.215686274509803
812.68,980,17.5
420.1,978,18.807692307692307
657,978,23.285714285714285
517.54,975,13.928571428571429
619.5,963,24.075
942,959,14.753846153846155
370.13,955,14.469696969696969
710.7,954,15.142857142857142
152.27,954,36.69230769230769
413.8,953,17.017857142857142
325.571,949,10.908045977011493
892.96,949,22.069767441860463
809,947,10.182795698924732
188.7,940,18.431372549019606
005.8,937,8.596330275229358
514.325,928,20.17391304347826
005.115,926,16.535714285714285
340,924,10.744186046511627
594.62,923,20.065217391304348
332.6,922,13.36231884057971
183,922,21.441860465116278
657.3,920,26.285714285714285
337.04,917,14.107692307692307
004.2,914,20.772727272727273
181.12,912,24.64864864864865
321.32,909,27.545454545454547
234.2,907,17.442307692307693
911.063,905,5.65625
320.04,903,15.305084745762711
670.9,901,13.861538461538462
141.2,899,12.661971830985916
187,897,15.736842105263158
004.583,893,28.806451612903224
711.25,892,15.649122807017545
909.2,892,35.68
591.7,889,10.337209302325581
491,884,11.05
325.2113,880,23.157894736842106
982.602,879,17.235294117647058
155.9,877,12.710144927536232
858,871,16.12962962962963
617,868,23.45945945945946
321.5,863,12.154929577464788
745.4,861,30.75
982.802,860,23.88888888888889
688.04,860,12.835820895522389
020.13,857,19.044444444444444
594.1,850,12.318840579710145
810.9,849,7.580357142857143
592.3014,845,56.333333333333336
420.13,845,14.083333333333334
309.113,844,9.813953488372093
375.108,841,25.484848484848484
836,838,23.27777777777778
539.7,837,6.065217391304348
475,836,18.57777777777778
325.33,835,12.846153846153847
389,834,14.631578947368421
519.74,832,20.29268292682927
598.132,829,29.607142857142858
069,827,18.795454545454547
911.02,827,15.314814814814815
892.95,827,13.783333333333333
373.5,822,17.125
363,821,15.788461538461538
981.23402,819,40.95
909.54,818,14.607142857142858
192.7,815,40.75
443.8,807,32.28
598.4,805,18.295454545454547
188.4,803,20.075
695,801,80.1
539.99,797,18.53488372093023
234,797,18.976190476190474
370.88,791,13.40677966101695
911.032,791,21.37837837837838
199.4,784,19.121951219512194
370.77,783,19.575
920.3,783,17.795454545454547
165.47,783,22.37142857142857
517.34,782,26.066666666666666
701,781,8.48913043478261
184,777,25.9
810.81,775,8.806818181818182
181.845,773,33.608695652173914
005.135,771,24.870967741935484
337,771,12.435483870967742
233.5,769,18.30952380952381
474,767,29.5
730.77,766,22.529411764705884
813.609,766,11.606060606060606
166.8,765,8.315217391304348
152.226,765,16.27659574468085
911.829,764,21.22222222222222
911.6,762,13.137931034482758
525.4,760,16.52173913043478
574,759,15.8125
322.01,753,10.91304347826087
517.5,750,14.423076923076923
326.23,748,20.216216216216218
911.0553,747,11.492307692307692
309.112,745,7.680412371134021
185.51,742,15.142857142857142
900,741,3.26431718061674
005.567,740,22.424242424242426
152,740,11.935483870967742
181.38,736,21.647058823529413
001.4,735,45.9375
338.1,733,21.558823529411764
004.16,732,14.076923076923077
676.28,731,19.756756756756758
188.1,730,24.333333333333332
846,729,15.51063829787234
901,728,12.133333333333333
724,727,25.964285714285715
677.43,727,23.451612903225808
539.98,723,10.632352941176471
412,723,26.77777777777778
989,722,14.73469387755102
332.22,718,13.547169811320755
982.402,711,22.93548387096774
811.609,709,8.542168674698795
334.14,709,20.257142857142856
981.202,708,15.063829787234043
511.4813,708,17.26829268292683
454,707,11.783333333333333
527.386,705,19.583333333333332
650.9,704,29.333333333333332
381,704,13.538461538461538
497,704,11.540983606557377
598.125,702,18.473684210526315
327.9,701,14.604166666666666
658.3,699,16.25581395348837
373.2,699,13.18867924528302
005.44,696,15.130434782608695
802.53,694,10.676923076923076
690.8,694,138.8
639.5,693,17.76923076923077
152.08,689,98.42857142857143
998.65,689,98.42857142857143
527.41,686,18.05263157894737
673.311,682,35.89473684210526
911.04,681,9.202702702702704
519,680,8.5
711.2,679,10.134328358208956
590,675,24.107142857142858
740.4,674,22.466666666666665
150,674,8.64102564102564
360.4,673,20.393939393939394
606.9,672,17.23076923076923
921,671,15.604651162790697
592,669,19.114285714285714
377.37,666,13.058823529411764
325.2,665,10.23076923076923
457.2,665,30.227272727272727
594.54,664,21.419354838709676
734,661,21.322580645161292
148,658,13.708333333333334
897.7,658,36.55555555555556
364,655,16.375
740.8,655,36.388888888888886
388.611,655,36.388888888888886
338.18,654,43.6
420.99,653,18.13888888888889
325.484,653,15.926829268292684
816,652,32.6
539.92,651,7.75
026,651,32.55
592.023,651,25.03846153846154
593,648,24.923076923076923
331.23,647,13.76595744680851
918,646,14.681818181818182
594.82,644,15.333333333333334
517.31,643,17.86111111111111
005.117,642,10.35483870967742
214,640,12.549019607843137
591.9,640,11.636363636363637
600.18,638,17.72222222222222
853.8,637,57.90909090909091
350.4,637,42.46666666666667
372.6,637,24.5
005.5,630,18.0
224.81,630,14.0
385.1,629,48.38461538461539
802.26,625,34.72222222222222
332.23,625,11.79245283018868
513.46,625,13.88888888888889
182.13,624,48.0
029.5,618,16.7027027027027
231.1,618,15.846153846153847
402,617,18.696969696969695
542.1,616,15.794871794871796
998.8,615,36.1764705882353
802.066,614,19.1875
892.1082,610,61.0
342,610,10.892857142857142
598.58,610,32.10526315789474
920.38,609,40.6
005.58,605,12.1
336,603,23.192307692307693
671,603,22.333333333333332
320.906,602,40.13333333333333
321.2,601,21.464285714285715
911.033,601,11.557692307692308
660.4,600,14.634146341463415
386.511,597,37.3125
232,597,11.264150943396226
594.675,596,13.545454545454545
005.55,595,21.25
661.5,594,21.214285714285715
005.76,591,10.189655172413794
371,591,8.208333333333334
579.55,590,21.071428571428573
235.35,590,12.040816326530612
610.4,589,12.804347826086957
691.6,588,26.727272727272727
653.2,586,16.27777777777778
513.8525,585,15.0
381.75,583,7.878378378378378
070.4,583,9.557377049180328
189.24,581,12.630434782608695
609.11,581,7.085365853658536
594.504,581,14.525
516.5,580,23.2
338.13,578,36.125
984.202,576,18.0
325.581,574,10.25
004.78,573,12.456521739130435
985.02,572,14.3
208,572,63.55555555555556
476.01,572,12.434782608695652
310.16,571,14.64102564102564
440.8,570,11.875
362.11,568,11.591836734693878
420.04,568,25.818181818181817
691.9,568,22.72
230,567,8.723076923076922
518.5,566,17.6875
695.7,566,16.17142857142857
181.9,566,25.727272727272727
598.48,566,14.15
340.942,564,8.545454545454545
630,564,16.114285714285714
193,564,24.52173913043478
409.9,558,16.41176470588235
656.25,558,24.26086956521739
911.055,558,24.26086956521739
549.7,557,12.659090909090908
320.904,556,16.352941176470587
321.3,556,8.6875
656.6,556,29.263157894736842
164.56,554,46.166666666666664
229,554,13.85
569.4,553,13.487804878048781
637,553,34.5625
695.4099,551,22.04
235.3,551,11.479166666666666
512.804,551,26.238095238095237
670.4,550,7.4324324324324325
224.8,549,9.631578947368421
573.2,549,11.934782608695652
852,549,21.96
182.3,547,11.16326530612245
327.857,546,30.333333333333332
998.3,545,15.13888888888889
182.4,543,28.57894736842105
561.1,541,21.64
843.4,538,13.121951219512194
802.2,538,20.692307692307693
673.53,535,12.738095238095237
517.89,535,12.159090909090908
904,533,23.17391304347826
598.2,533,44.416666666666664
598.124,533,16.65625
414,532,21.28
739.82,532,14.777777777777779
839.64,532,11.565217391304348
911.034,531,16.09090909090909
696.1,528,37.714285714285715
126.5,528,9.428571428571429
338.023,527,43.916666666666664
520.4,526,14.216216216216216
005.756,525,9.90566037735849
986.202,524,22.782608695652176
182,524,32.75
881,523,27.526315789473685
802.068,522,17.4
185.3,522,20.88
668,522,8.847457627118644
392.19,518,19.185185185185187
681.6,517,19.884615384615383
485.16,516,17.79310344827586
631.4,515,34.333333333333336
194.2,511,24.333333333333332
180.1,510,24.285714285714285
453.9,509,9.788461538461538
980.29,508,26.736842105263158
741,508,13.368421052631579
569,508,15.875
005.73,507,12.365853658536585
152.212,507,26.68421052631579
476.10733,507,10.346938775510203
322.8,504,11.454545454545455
331.47,504,6.072289156626506
481.9911,504,14.0
701.7,502,7.070422535211268
437,501,22.772727272727273
310,501,18.555555555555557
379.1,500,20.0
911.058,499,12.794871794871796
525.92,498,12.146341463414634
326.162,497,19.88
364.4,496,16.0
326.2,496,16.0
233.71,492,12.947368421052632
688.13,491,11.69047619047619
525.9,491,12.921052631578947
194.3,489,44.45454545454545
375.16,488,24.4
519.8,487,10.822222222222223
374,486,12.461538461538462
500,486,4.5
559.98,486,18.0
222.2,485,15.15625
372.61,485,17.962962962962962
349.9,484,7.446153846153846
569.3,484,11.804878048780488
677.61,484,32.266666666666666
498,483,8.473684210526315
924,483,19.32
770,483,17.25
234.82,482,13.027027027027026
379.2,481,20.041666666666668
527.47,480,18.46153846153846
228.7,480,9.056603773584905
470.4,480,12.307692307692308
435.12,479,28.176470588235293
004.61,479,11.682926829268293
593.24,478,19.12
005,478,15.419354838709678
594.04,477,13.25
005.75,477,12.23076923076923
560.77,477,36.69230769230769
711,475,9.693877551020408
320.912,474,8.464285714285714
892.8081,473,33.785714285714285
235.4,472,13.11111111111111
841,470,6.266666666666667
499.746,470,19.583333333333332
330.4,467,6.768115942028985
810.906,466,6.563380281690141
598.5,466,16.642857142857142
525.7,465,13.676470588235293
919.4,464,21.09090909090909
598.6,464,10.545454545454545
513.16,462,21.0
513.85,461,12.45945945945946
165.21,459,17.0
998.34,459,28.6875
181.91,457,24.05263157894737
856,457,19.869565217391305
326.37,456,18.24
688.6,453,22.65
365.4,453,14.15625
338.073,453,75.5
429,453,15.1
745.7,453,32.357142857142854
328,452,20.545454545454547
517.548,452,16.142857142857142
192.5,451,22.55
911.55,451,6.536231884057971
036,449,32.07142857142857
126,449,8.314814814814815
235.84,448,5.670886075949367
004.5,448,10.666666666666666
981.8702,447,18.625
378.1,447,13.147058823529411
340.22,445,4.684210526315789
341,444,15.857142857142858
912.033,444,19.304347826086957
327.94,441,12.25
350,441,12.25
513.898,441,9.8
598,438,24.333333333333332
600.99,437,9.931818181818182
998.6,436,10.9
981.1602,434,14.0
981.108,431,47.888888888888886
412.9,431,23.944444444444443
360.1,431,8.62
714.4,431,9.795454545454545
610.911,430,9.772727272727273
556.6,427,35.583333333333336
431.14,423,23.5
410.1,422,13.1875
879.3,422,70.33333333333333
792.8,421,9.152173913043478
513.8914,421,15.592592592592593
233.8,421,15.035714285714286
610,420,16.153846153846153
998.4,418,13.0625
720.77,418,27.866666666666667
376.5,417,34.75
334.21,416,10.947368421052632
811.9,416,8.851063829787234
004.582,415,34.583333333333336
005.758,415,10.921052631578947
519.9,415,13.833333333333334
802.1,415,12.575757575757576
326.14,414,21.789473684210527
181.383,414,16.56
331.234,414,10.615384615384615
220.99,414,14.275862068965518
542,413,25.8125
367.5,412,17.166666666666668
375.441,411,17.125
559.962,411,13.258064516129032
472.52642,409,20.45
579.12,408,37.09090909090909
235.7,408,12.363636363636363
517.96,406,23.88235294117647
330.911,406,6.88135593220339
435,404,28.857142857142858
320.8,404,22.444444444444443
325.7,404,12.242424242424242
660.1,404,15.538461538461538
199.7,404,12.242424242424242
909.5,402,12.5625
320.942,401,13.366666666666667
611,401,20.05
367.99,400,57.142857142857146
334.2,400,10.81081081081081
471,399,19.95
909.1,398,49.75
639,398,33.166666666666664
181.37,398,33.166666666666664
731.4,397,14.178571428571429
004.76077,396,22.0
813,396,3.5357142857142856
367.4,396,14.666666666666666
183.3,395,23.235294117647058
188.8,395,18.80952380952381
981.3402,394,26.266666666666666
231.8,392,8.909090909090908
188.3,392,23.058823529411764
237,391,11.17142857142857
515.7,390,16.956521739130434
676.27,390,19.5
558,390,15.6
385,389,10.513513513513514
673.511,387,8.6
998.5,386,14.296296296296296
325.01,386,11.352941176470589
199.6,386,12.0625
839.4,384,21.333333333333332
673.193,383,34.81818181818182
713,382,6.701754385964913
911.0723,381,6.803571428571429
236,381,7.9375
600.1,381,8.659090909090908
309,380,14.074074074074074
004.22,380,13.571428571428571
823.8,379,16.47826086956522
911.0077,379,47.375
513,378,19.894736842105264
598.12,378,27.0
654.35,377,19.842105263157894
981.02,375,12.096774193548388
372.62,374,17.80952380952381
592.021,373,19.63157894736842
187.1,371,21.823529411764707
502.9,370,9.487179487179487
367.431,370,37.0
413.1,370,16.818181818181817
698.97,369,23.0625
481,368,10.514285714285714
504,368,14.72
388.111,366,6.310344827586207
530.4,365,13.518518518518519
530.1,365,13.035714285714286
556.53,364,15.826086956521738
602,364,45.5
591.8,363,10.083333333333334
594.5547,361,14.44
004.58,360,14.4
981.3102,360,30.0
742,359,17.95
854,356,9.128205128205128
331.4,356,4.1395348837209305
350.35,356,22.25
334.6,355,12.678571428571429
471.2,355,8.255813953488373
981.4602,353,35.3
188,350,16.666666666666668
592.38,349,21.8125
325.6,349,12.03448275862069
512.869,349,34.9
510.19,348,10.545454545454545
409.11,348,12.428571428571429
633.5,347,21.6875
654.5,347,17.35
604,347,26.692307692307693
636,346,31.454545454545453
005.51,345,38.333333333333336
982.502,345,17.25
539.99077,344,38.22222222222222
760,344,14.956521739130435
412.85,343,19.055555555555557
598.104,343,9.27027027027027
011.3,341,14.208333333333334
511.18,341,11.366666666666667
300.8,341,16.238095238095237
610.99,340,20.0
777.5,339,21.1875
325.9027,339,30.818181818181817
892.5,338,37.55555555555556
710.8,338,37.55555555555556
220.1,338,8.45
443.2,338,26.0
694.3,338,10.5625
325.431,337,10.870967741935484
811.08,337,5.524590163934426
325.489,337,12.035714285714286
430.8,333,55.5
711.1,333,10.090909090909092
004.52,333,13.32
801,333,8.325
812.6,332,4.611111111111111
114.5,332,23.714285714285715
220,331,8.487179487179487
600.8,330,13.2
320.3,330,27.5
981.32302,330,17.36842105263158
515.731,330,33.0
495.8,330,14.347826086956522
411,329,25.307692307692307
181.1,329,27.416666666666668
600.13,328,6.188679245283019
542.8,328,23.428571428571427
592.02,327,19.235294117647058
542.2,327,20.4375
912.06,325,12.5
325.431077,325,36.111111111111114
750,324,19.058823529411764
327.43,324,23.142857142857142
472.88,323,20.1875
559.9,322,16.1
513.8522,321,16.894736842105264
918.63,321,14.590909090909092
152.25,320,14.545454545454545
830,319,26.583333333333332
617.81,318,19.875
431,318,31.8
340.265,317,22.642857142857142
415,317,15.095238095238095
165.84,316,15.8
513.8,316,22.571428571428573
472.52638,315,31.5
473,315,10.5
337.8,315,9.545454545454545
813.61,314,8.722222222222221
540.4,314,14.272727272727273
810.819,314,10.827586206896552
477.3,314,12.076923076923077
472.52636,313,14.227272727272727
448,313,14.904761904761905
012.4,312,24.0
430.4,312,62.4
480.4,311,14.136363636363637
932,310,16.31578947368421
365.1,310,18.235294117647058
379.4,309,10.3
594.5543,309,22.071428571428573
594.5544,308,20.533333333333335
383.8,308,30.8
326.73,307,23.615384615384617
020,307,7.675
223,307,10.586206896551724
376,307,18.058823529411764
433,307,25.583333333333332
231.177,306,10.2
573.94,306,10.928571428571429
802.6,306,14.571428571428571
981.502,305,13.26086956521739
513.35,305,19.0625
368.11,305,10.892857142857142
388.8,305,16.05263157894737
362,305,7.625
811.62,304,6.608695652173913
191.6,304,10.857142857142858
843.09,303,11.653846153846153
399.12,303,33.666666666666664
981.16,303,21.642857142857142
828,301,9.121212121212121
320.76,300,50.0
188.2,300,30.0
897,299,33.22222222222222
232.8,299,11.96
594.6,298,10.642857142857142
510.34,298,22.923076923076923
201,298,6.081632653061225
340.2,297,7.2439024390243905
375,297,15.631578947368421
329.43,297,12.91304347826087
445,296,18.5
180.733,295,29.5
811,295,16.38888888888889
519.25,295,15.526315789473685
320.99,294,14.7
654,294,14.7
475.15,293,20.928571428571427
507,293,36.625
911.1,292,73.0
005.51077,292,58.4
712,292,9.419354838709678
512.423,292,19.466666666666665
233.65,290,12.083333333333334
926,290,13.181818181818182
600.04,290,7.073170731707317
236.911,290,7.837837837837838
811.8082,290,4.027777777777778
231.62,290,10.74074074074074
233.211,289,12.041666666666666
374.71,288,15.157894736842104
370,288,7.783783783783784
512.51,286,10.214285714285714
427,286,15.88888888888889
984.102,285,31.666666666666668
013.1,285,9.193548387096774
184.7,284,23.666666666666668
540.04,284,10.518518518518519
477,284,15.777777777777779
517.372,283,16.647058823529413
005.12,283,9.433333333333334
523,283,18.866666666666667
321.81,282,7.421052631578948
325.77,282,16.58823529411765
809.3,281,7.594594594594595
574.752,281,31.22222222222222
179,280,40.0
340.98,280,12.727272727272727
594.5546,280,10.0
707,280,11.2
373.7,279,13.95
998,279,3.77027027027027
226.911,278,10.296296296296296
986.6102,278,39.714285714285715
551.15,278,13.9
811.6082,278,25.272727272727273
699.7,277,16.294117647058822
530,275,10.576923076923077
324.4,275,13.75
230.9,275,13.75
234.4,274,24.90909090909091
181.27,274,17.125
491.55,274,34.25
990.99,274,12.454545454545455
325.23,273,11.869565217391305
367.42,273,14.368421052631579
519.81,270,19.285714285714285
325.751,270,12.857142857142858
070.41,268,15.764705882352942
994.2,268,24.363636363636363
034,267,14.052631578947368
236.9,267,16.6875
911.047,267,89.0
673,264,16.5
495.9,264,13.894736842105264
325.65,263,13.842105263157896
739.81,263,10.958333333333334
692,262,7.705882352941177
005.755,261,20.076923076923077
671.57,261,29.0
824.7,261,8.15625
652,260,23.636363636363637
350.1,260,6.666666666666667
005.104,259,15.235294117647058
513.8526,259,13.631578947368421
340.912,258,4.961538461538462
375.3,258,14.333333333333334
982.902,258,10.32
912.032,257,21.416666666666668
911.004,257,13.526315789473685
515.1,257,11.173913043478262
334.24,257,7.3428571428571425
658.2,257,9.178571428571429
235.8,257,5.976744186046512
493,257,32.125
491.51,256,15.058823529411764
670.7,256,23.272727272727273
984.22102,255,19.615384615384617
980.8,255,8.225806451612904
373.3,254,9.76923076923077
181.11,254,31.75
413,254,13.368421052631579
184.4,254,23.09090909090909
525.765,254,19.53846153846154
693.4,254,18.142857142857142
679,253,10.541666666666666
480.25,253,9.035714285714286
600.15,253,7.027777777777778
331.62,252,25.2
800,252,0.6222222222222222
911.08,252,63.0
902.5,252,7.0
160.2,251,7.606060606060606
981.4802,251,35.857142857142854
512.5,250,9.615384615384615
527,250,15.625
512.42,250,15.625
980.4,250,19.23076923076923
862,250,7.8125
721.2,250,8.064516129032258
542.2027,249,62.25
811.6209,248,12.4
650.7,248,41.333333333333336
700,248,2.6666666666666665
310.1,248,15.5
112.7,248,7.085714285714285
859.31,247,19.0
510.9,247,8.233333333333333
743,247,7.71875
594.5535,246,24.6
925,245,16.333333333333332
320.913,245,9.8
594.677,245,8.448275862068966
005.14,244,12.2
371.31,244,14.352941176470589
320.189,244,6.777777777777778
041,243,9.346153846153847
325.82,243,10.565217391304348
379.16,243,17.357142857142858
991,243,15.1875
525,243,7.147058823529412
592.04,242,14.235294117647058
911.0025,242,9.307692307692308
388.1,242,5.761904761904762
653.26,242,12.736842105263158
377.7,242,16.133333333333333
918.7,241,26.77777777777778
767.5,241,15.0625
564.4,240,18.46153846153846
386.8,240,40.0
166.2,240,13.333333333333334
301,239,8.535714285714286
567.01,239,11.380952380952381
165,238,8.814814814814815
861,238,14.0
210,238,5.804878048780488
692.076,237,16.928571428571427
165.8,237,16.928571428571427
350.704,236,23.6
840.9,236,7.375
499,236,12.421052631578947
495.7,235,16.785714285714285
185.51081,234,117.0
107,234,26.0
458.63,234,33.42857142857143
657.55,234,26.0
392.1,233,14.5625
165.7,233,13.705882352941176
527.4186,233,8.961538461538462
335.7,233,11.65
596.9,233,16.642857142857142
802.52,232,23.2
685.5,232,13.647058823529411
513.36,232,19.333333333333332
005.26,232,8.592592592592593
300.1,231,9.24
981,231,14.4375
792.2,231,25.666666666666668
432,230,28.75
660,230,13.529411764705882
523.77,230,12.777777777777779
519.011,230,10.454545454545455
342.8099,230,32.857142857142854
607,229,22.9
101,229,11.45
327.4,229,15.266666666666667
219.15,229,28.625
231.4,229,7.15625
476.0162,228,17.53846153846154
224.4,228,16.285714285714285
511.1689,228,9.5
559.34469,227,16.214285714285715
189.3,227,17.46153846153846
234.14,227,22.7
307.3,227,12.61111111111111
514.7,226,22.6
233.6,226,7.533333333333333
813.509,226,5.512195121951219
375.47,225,12.5
524.8,224,17.23076923076923
513.8549,224,20.363636363636363
360.04,223,8.576923076923077
981.46902,222,27.75
370.9236,222,27.75
070,221,10.523809523809524
204.4,221,9.608695652173912
811.808,221,4.911111111111111
592.352,221,31.571428571428573
199.2,220,18.333333333333332
859.76,220,73.33333333333333
189.7,220,10.476190476190476
160.258,220,24.444444444444443
231.6,220,15.714285714285714
736,220,27.5
981.402,219,18.25
070.48,219,43.8
152.216,219,13.6875
516.54,218,21.8
530.3,217,19.727272727272727
513.8915,217,16.692307692307693
511.13,217,21.7
233.66,217,10.333333333333334
160.24,216,18.0
688.01,215,7.962962962962963
517.36,215,9.772727272727273
187.2,214,42.8
410.07,214,35.666666666666664
930,213,11.833333333333334
375.471,213,21.3
490.3,213,26.625
375.34,213,26.625
926.05,212,9.217391304347826
325.9077,212,26.5
512.44,212,15.142857142857142
182.233,212,11.777777777777779
325.55,211,12.411764705882353
598.41,211,17.583333333333332
480.3,211,12.411764705882353
574.753,211,26.375
326.39,210,5.833333333333333
927,210,21.0
911.052,210,17.5
912.02,210,9.545454545454545
320.77,209,23.22222222222222
237.1,209,20.9
335.8,209,7.206896551724138
553.33077,209,29.857142857142858
233.09,208,13.0
350.01,207,13.8
235.1,207,12.176470588235293
986.802,207,25.875
567,207,9.0
472.193,207,11.5
327.86,206,20.6
239,206,17.166666666666668
511.8,206,17.166666666666668
692.3,206,6.866666666666666
349.04,205,9.761904761904763
638.9,204,13.6
757,204,11.333333333333334
579.54,204,14.571428571428571
233.63,204,10.736842105263158
221.4,203,20.3
932.02,203,18.454545454545453
631.2,202,18.363636363636363
102,202,28.857142857142858
332,202,10.631578947368421
324.2,202,10.631578947368421
999.99,202,20.2
512.86,201,33.5
563.7,201,10.578947368421053
863.09,201,20.1
564,201,22.333333333333332
517.376,201,10.578947368421053
181.44,201,25.125
324.35,200,12.5
981.4702,200,28.571428571428573
518,200,10.526315789473685
594.5541,199,16.583333333333332
814.62,199,11.705882352941176
519.01,199,16.583333333333332
379.17,198,14.142857142857142
765,198,15.23076923076923
666,198,33.0
540,198,5.5
475.54,197,11.588235294117647
181.6,197,28.142857142857142
332.24,197,10.944444444444445
913.05,196,8.166666666666666
530.261,196,14.0
231.97,196,9.333333333333334
513.5,195,19.5
151.58,195,6.5
364.61,195,39.0
331.65,195,5.909090909090909
619,194,11.411764705882353
814.6082,194,64.66666666666667
710.4,194,7.461538461538462
888,193,27.571428571428573
654.9,193,16.083333333333332
324.3,192,10.105263157894736
497.5,192,38.4
510.99,192,8.0
183.7,192,12.0
522.6,192,10.666666666666666
539.49,192,10.666666666666666
911.021,192,12.8
522.65,192,9.6
549.781,192,12.0
004.75,191,11.9375
688.15,191,14.692307692307692
695.404,191,12.733333333333333
521.8,191,19.1
221,191,11.235294117647058
209,190,11.176470588235293
986.302,190,27.142857142857142
530.04,189,10.5
481.5,189,13.5
592.01,189,10.5
327.209,189,18.9
520,189,11.8125
851,189,8.217391304347826
366,188,8.952380952380953
443.3,188,18.8
518.35,188,20.88888888888889
370.911,188,5.875
148.2,187,12.466666666666667
320.17,187,5.666666666666667
653.1108,187,20.77777777777778
998.592,186,20.666666666666668
912.6,186,10.941176470588236
982.5902,186,20.666666666666668
598.123,186,23.25
747.077,185,23.125
025.25,185,7.115384615384615
309.11,185,7.708333333333333
653.269,185,11.5625
710.77,185,20.555555555555557
338.31,184,14.153846153846153
657.7,184,18.4
152.22,184,11.5
512.516,183,12.2
679.4,183,12.2
309.142,183,6.535714285714286
592.31,183,26.142857142857142
998.2,183,13.071428571428571
069.8,183,30.5
431.4,182,13.0
365.0077,182,30.333333333333332
598.54,182,26.0
233.099,182,10.705882352941176
234.81,182,60.666666666666664
334.226,182,7.0
200,182,3.309090909090909
884,182,20.22222222222222
802.06,182,12.133333333333333
381.9,181,20.11111111111111
859.69,181,15.083333333333334
364.1,181,15.083333333333334
332.277,181,10.647058823529411
517.16,181,5.65625
350.7,181,15.083333333333334
224,181,16.454545454545453
114,180,8.571428571428571
842.09,180,8.571428571428571
231.413,180,12.857142857142858
326.2077,180,36.0
499.5,180,13.846153846153847
670.92,180,25.714285714285715
236.904,179,8.136363636363637
331.53,179,6.884615384615385
420.7,179,11.933333333333334
517.891,179,9.944444444444445
166.3,178,59.333333333333336
187.3,178,16.181818181818183
329.432,178,11.866666666666667
566.36,178,12.714285714285714
004.1,178,12.714285714285714
522.7,177,14.75
164.3,177,44.25
517.523,177,16.09090909090909
511.7,177,7.375
236.902,176,22.0
530.9,176,10.352941176470589
235,176,10.352941176470589
233.62,176,11.733333333333333
747.7,175,43.75
897.4,175,9.210526315789474
376.6,175,43.75
810.099,175,8.333333333333334
148.4,175,12.5
595.36,174,34.8
320.15,174,19.333333333333332
377,174,6.6923076923076925
556.1,174,21.75
334.4,174,7.565217391304348
911.0076,174,58.0
325.11,174,11.6
593.25,174,12.428571428571429
982.302,173,13.307692307692308
326.161,173,28.833333333333332
570.6,173,7.208333333333333
547.72,172,21.5
593.235,172,14.333333333333334
581.3,172,14.333333333333334
920.4,172,11.466666666666667
539.93,172,6.37037037037037
334.9,171,13.153846153846153
223.52,171,28.5
594.51077,171,57.0
005.7533,171,14.25
807,171,19.0
658.04,171,12.214285714285714
163.7,171,17.1
012.9,171,8.142857142857142
711.408,171,24.428571428571427
013.33,171,5.516129032258065
414.35,171,19.0
024.3,171,9.5
511.845,170,12.142857142857142
186,169,5.827586206896552
472.01,169,16.9
598.18,169,24.142857142857142
692.8,168,12.0
981.199,168,18.666666666666668
699.95,168,15.272727272727273
349.11,167,4.175
982.57,167,55.666666666666664
320.7,167,27.833333333333332
375.481,167,41.75
328.1,167,15.181818181818182
812.66,166,8.3
004.586,166,23.714285714285715
151,166,7.545454545454546
005.54,166,15.090909090909092
609.05,166,8.3
349.42,166,5.928571428571429
544,166,23.714285714285715
594.5534,166,41.5
321.9,166,10.375
559.3,166,16.6
688.0911,165,3.1132075471698113
734.4,165,41.25
833.609,165,11.785714285714286
331.15,165,13.75
540.24,165,18.333333333333332
166.4,164,12.615384615384615
517.6,164,8.2
325.96,164,14.909090909090908
338.04,164,23.428571428571427
767,164,14.909090909090908
193.2,164,27.333333333333332
919.1,164,23.428571428571427
840.99,164,12.615384615384615
367.56,163,9.055555555555555
981.4302,163,20.375
512.4,163,16.3
160.09,163,81.5
601.04,163,8.578947368421053
374.41,163,7.761904761904762
183.6,163,10.866666666666667
443.89,162,14.727272727272727
321.54,162,8.526315789473685
892.55,162,10.125
701.1,162,6.48
181.81,162,18.0
370.76,161,32.2
331.8,161,161.0
532.8,161,10.0625
539.92077,161,32.2
235.65,161,11.5
726,160,22.857142857142858
662.5,160,17.77777777777778
518.9,160,17.77777777777778
540.77,160,22.857142857142858
511.168,160,17.77777777777778
338.09,159,31.8
004.584,159,26.5
910.4,159,11.357142857142858
652.5,159,31.8
530.98,159,7.95
375.433,159,79.5
164.1,159,39.75
026.3,159,9.352941176470589
811.709,158,6.583333333333333
513.897,158,12.153846153846153
513.398,158,10.533333333333333
025.2,158,7.9
326.79,157,14.272727272727273
338.4,157,15.7
849,157,52.333333333333336
325.512,157,7.136363636363637
554.1,157,11.214285714285714
595,157,14.272727272727273
566,156,19.5
481.63,156,26.0
513.9312,156,15.6
365.4453,156,15.6
912.031,156,19.5
331.5414,155,4.84375
594.515,155,17.22222222222222
843.099,155,11.071428571428571
004.01,155,9.117647058823529
326.7,155,8.61111111111111
912.08,154,8.105263157894736
699.1,154,8.555555555555555
331.3,154,11.0
350.077,154,25.666666666666668
151.7,153,5.884615384615385
598.133,153,25.5
334.223,153,9.5625
515.18,153,8.5
594.53,153,19.125
708,153,38.25
231.09,153,9.5625
439,153,17.0
377.25,153,19.125
637.9,152,16.88888888888889
596.81,152,8.941176470588236
797.7,152,8.444444444444445
594.52,152,21.714285714285715
558.3334,152,30.4
334.222,152,8.941176470588236
981.234,152,38.0
980.208,152,19.0
912.07,152,8.941176470588236
326.1,151,16.77777777777778
181.92,151,21.571428571428573
808.91,151,9.4375
516,151,9.4375
600.7,151,15.1
998.9,151,8.882352941176471
530.01,151,13.727272727272727
513.811,151,15.1
915,151,12.583333333333334
375.465,150,21.428571428571427
563,149,9.933333333333334
187.5,149,16.555555555555557
375.474,149,16.555555555555557
811.61,149,7.842105263157895
597.3,149,18.625
365.13,149,21.285714285714285
148.1,149,9.933333333333334
816.8,149,18.625
668.5,149,12.416666666666666
512.515,149,13.545454545454545
238.204,149,10.642857142857142
231.3,148,10.571428571428571
166.1,148,18.5
514.321,148,29.6
481.1,148,16.444444444444443
327.07,148,14.8
656.4,147,12.25
928,147,14.7
913.04,147,10.5
225.2,147,14.7
925.073,146,14.6
331.50913,146,20.857142857142858
573.55,145,11.153846153846153
912.024,145,8.055555555555555
540.1,145,10.357142857142858
326.28,145,14.5
420.099,145,9.0625
893,145,9.666666666666666
481.634,145,11.153846153846153
573.42,144,8.470588235294118
370.7,144,12.0
680,144,7.2
929.07,144,8.0
574.06,144,28.8
999,144,9.6
326,144,12.0
559.17,143,8.9375
528.04,143,13.0
695.704,143,11.0
546,143,13.0
512.8385,143,17.875
114.1,143,47.666666666666664
165.4,143,5.296296296296297
301.09,143,35.75
592.011,142,15.777777777777779
024.91,142,8.875
513.97,142,10.142857142857142
232.89,141,9.4
338.0911,141,17.625
559.1,141,9.4
671.61,141,20.142857142857142
757.5,141,12.818181818181818
301.52,140,9.333333333333334
510.8,140,23.333333333333332
361,140,7.777777777777778
164.59,140,11.666666666666666
181.21,140,23.333333333333332
378,140,12.727272727272727
525.79,140,46.666666666666664
374.74,140,10.76923076923077
334.1,140,10.0
907,139,9.266666666666667
011.2,139,6.619047619047619
911.051,139,12.636363636363637
914.1,139,12.636363636363637
698.21,138,3.2857142857142856
985,138,12.545454545454545
160.28,138,23.0
755,138,5.75
332.64,138,13.8
512.292,138,15.333333333333334
386,138,8.117647058823529
513.142,137,27.4
372.2,137,11.416666666666666
238.24,137,8.5625
592.03,137,12.454545454545455
513.34,137,22.833333333333332
810.903,137,22.833333333333332
337.5,137,6.2272727272727275
981.18902,137,34.25
517.12,137,5.956521739130435
563.756,137,9.785714285714286
981.4202,137,15.222222222222221
238.2,137,3.914285714285714
592.25,137,22.833333333333332
379.13,136,12.363636363636363
513.819,136,9.066666666666666
811.09,136,5.037037037037037
892.109,136,11.333333333333334
421.6,136,27.2
600.4,136,11.333333333333334
489,136,22.666666666666668
811.3,136,7.157894736842105
902,136,17.0
519.91,136,15.11111111111111
181.41,135,27.0
911.56,135,67.5
808.8,135,11.25
413.5,135,12.272727272727273
519.92,135,22.5
526.04,135,19.285714285714285
511.14,135,10.384615384615385
517.8,135,16.875
367.3,135,13.5
160.222,134,14.88888888888889
442.6,134,16.75
233.32,134,7.052631578947368
543,134,10.307692307692308
152.21,134,4.32258064516129
367.432,134,22.333333333333332
370.71,134,13.4
004.59,134,26.8
558.3,134,13.4
982.994202,133,13.3
182.232,133,14.777777777777779
950,133,7.823529411764706
526,133,8.866666666666667
552,133,16.625
407.4,133,44.333333333333336
334.5,133,7.823529411764706
160.8,133,8.866666666666667
518.04,132,12.0
517.374,132,16.5
329.431,132,11.0
180.99,132,33.0
011.4,132,10.153846153846153
522.8,132,13.2
841.09,132,7.333333333333333
892.94,132,16.5
916,132,8.25
474.32,132,66.0
673.5,132,13.2
321.93,131,6.894736842105263
929,131,9.357142857142858
005.57,131,32.75
695.5,131,10.916666666666666
516.9,131,9.357142857142858
513.89,131,7.277777777777778
574.024,131,14.555555555555555
024.4,131,9.357142857142858
592.4,131,65.5
409.12,131,32.75
528,130,10.0
911.0745,130,8.666666666666666
699.2,130,8.125
547,130,18.571428571428573
005.04,130,21.666666666666668
514.795,130,10.833333333333334
634.2,130,14.444444444444445
777,130,14.444444444444445
231.23,129,12.9
513.93,129,18.428571428571427
515,129,16.125
192,129,8.0625
325.4,129,18.428571428571427
796.72,129,8.6
510.3,129,25.8
381.7,128,14.222222222222221
001.442,128,32.0
445.5,128,14.222222222222221
568.52,128,7.529411764705882
321.52,128,12.8
324.475,128,11.636363636363637
539.913,128,14.222222222222221
339,128,11.636363636363637
658.31,128,6.7368421052631575
566.37,127,31.75
730.76,127,42.333333333333336
775,127,21.166666666666668
815,127,11.545454545454545
911.056,127,9.76923076923077
323.0911,127,15.875
331.01,126,6.3
981.5802,126,31.5
388.2,126,5.25
480.99,126,18.0
688.16,126,21.0
370.925,126,18.0
524,125,9.615384615384615
982.57102,125,31.25
737.4,125,13.88888888888889
230.1,125,3.90625
375.2262,125,31.25
983.02,125,8.928571428571429
324.5,125,12.5
334.255,125,62.5
774,125,20.833333333333332
221.2,125,8.333333333333334
331.236,125,8.333333333333334
204.21,125,15.625
671.18,125,17.857142857142858
375.1.,124,15.5
814,124,5.391304347826087
320.01,124,9.538461538461538
472.52,124,6.2
671.3,124,17.714285714285715
986.7802,124,11.272727272727273
512.29,124,15.5
802.041,124,31.0
539.93076,123,30.75
911.0359,123,12.3
160.9,123,24.6
519.04,123,11.181818181818182
451,123,8.2
005.53077,123,123.0
711.4077,123,61.5
654.482,123,12.3
823.2,123,20.5
499.83,123,15.375
371.3,123,8.2
512,123,10.25
720.7,123,12.3
320.98,123,11.181818181818182
321.329077,122,61.0
233.37,122,17.428571428571427
331.12,122,13.555555555555555
539.1,122,6.777777777777778
499.323,122,61.0
367.2,122,9.384615384615385
321.53,122,17.428571428571427
320.4 ,122,122.0
166.85,122,17.428571428571427
373.33,122,3.696969696969697
688.099,121,6.722222222222222
497.0911,121,12.1
567.43,121,9.307692307692308
005.4,121,7.117647058823529
940.1,121,13.444444444444445
326.15,121,20.166666666666668
325.304,121,30.25
509,121,8.642857142857142
443.11,121,30.25
710.92,121,17.285714285714285
657.104,121,17.285714285714285
516.93891,121,121.0
004.588,121,7.5625
412.83,121,20.166666666666668
992.1,120,20.0
998.32,120,40.0
327.077,120,12.0
982,120,10.0
379.3,120,8.0
633.2,120,17.142857142857142
911.075,119,11.9
225.26,119,59.5
390.99,119,8.5
329,119,8.5
594.5077,119,59.5
231.17,119,7.933333333333334
698,119,11.9
691.38,118,29.5
220.8,118,19.666666666666668
857,118,59.0
025.1,118,39.333333333333336
422,118,14.75
518.44,118,8.428571428571429
592.3011,118,29.5
677.47,118,13.11111111111111
688.2,117,14.625
610.92,117,13.0
223.55,117,10.636363636363637
650.1,117,7.8
595.44,117,58.5
673.53099,117,9.0
160.37,117,13.0
192.6,117,11.7
425,117,11.7
652.51,117,19.5
514.48,117,16.714285714285715
185.58,117,29.25
660.99,117,11.7
219.1,117,14.625
698.5,116,23.2
594.523,116,14.5
322.92,116,19.333333333333332
816.509,116,38.666666666666664
519.24,116,11.6
005.5077,116,58.0
688.1,116,12.88888888888889
020.4,116,11.6
024.077,116,19.333333333333332
695.6,115,38.333333333333336
512.5158,115,8.846153846153847
911.072,115,7.1875
593.23,115,9.583333333333334
362.076,115,28.75
573.41,114,19.0
365.72,114,16.285714285714285
309.1,114,9.5
191.5,114,14.25
909.51,114,16.285714285714285
309.1237,114,19.0
224.9,114,57.0
350.7077,114,57.0
866,114,9.5
562.13,113,28.25
513.205,113,37.666666666666664
928.04,113,22.6
223.59,113,7.533333333333333
600.9,113,5.380952380952381
859.8,113,14.125
322.83,112,14.0
701.03,112,7.466666666666667
606.3,112,5.6
029.04,112,6.222222222222222
162.5,112,8.0
592.382,111,55.5
112,111,7.4
911.0369,110,13.75
164.42,110,13.75
443.02,110,13.75
340.913,110,3.4375
982.6302,109,12.11111111111111
342.3,109,5.7368421052631575
240,109,6.411764705882353
924.041,109,18.166666666666668
744.4,109,9.909090909090908
634.4,109,9.909090909090908
233.31,109,9.083333333333334
698.8,108,5.4
523.625,108,18.0
370.73,108,18.0
305,108,10.8
025.26,108,27.0
513.896,108,9.818181818181818
592.355,108,36.0
920.5,108,10.8
204.1,108,10.8
562.077,107,35.666666666666664
911.82,107,5.631578947368421
896.7,107,53.5
912.072,107,10.7
892.65,107,15.285714285714286
334.227,107,10.7
367.204,107,11.88888888888889
070.42,107,6.294117647058823
802.28,106,35.333333333333336
556.7,106,53.0
513.14,106,26.5
770.77,106,13.25
151.54,106,10.6
711.47077,106,26.5
327.8099,106,17.666666666666668
649,106,13.25
374.6,106,17.666666666666668
233.64,106,8.833333333333334
429.22,106,11.777777777777779
321.524,106,9.636363636363637
658.5,105,8.75
514.983,105,21.0
056,105,52.5
443.8875,105,11.666666666666666
660.9,105,11.666666666666666
326.29,105,11.666666666666666
327.98,105,11.666666666666666
516.98,105,10.5
512.49,104,10.4
414.1076,104,52.0
594.5542,104,13.0
982.3902,104,10.4
379.12,104,14.857142857142858
559,104,8.0
566.2,104,20.8
592.804,104,13.0
332.28,104,8.0
539.97,104,10.4
839.45,104,14.857142857142858
329.433,103,5.421052631578948
020.1,103,9.363636363636363
811.35,103,14.714285714285714
367.004,103,17.166666666666668
923,103,12.875
326.17,103,7.923076923076923
831.6,103,9.363636363636363
754,103,12.875
811.909,103,5.15
606.92,103,9.363636363636363
657.504,103,34.333333333333336
490.14,102,102.0
592.004,102,25.5
573.53,101,7.214285714285714
349.911,101,33.666666666666664
183.1,101,50.5
481.632,101,8.416666666666666
377.042,101,16.833333333333332
180.82,100,14.285714285714286
594.5545,100,12.5
362.04,100,50.0
165.55,100,4.3478260869565215
331.2,100,5.0
594.355,100,20.0
366.4,100,14.285714285714286
926.06,100,16.666666666666668
373.23,100,8.333333333333334
004.21,99,5.2105263157894735
909.4,99,14.142857142857142
410.3,99,19.8
556.75,99,33.0
989.11,99,6.1875
238.248,99,7.615384615384615
155,99,16.5
814.5,99,4.5
850.81,99,9.0
477.911,98,98.0
713.4,98,24.5
638,98,14.0
991.3,98,24.5
539.904,98,8.166666666666666
331.5411,98,6.533333333333333
653.2045,98,16.333333333333332
491.38,98,16.333333333333332
335.24,98,98.0
394.56,98,12.25
810.905,98,4.260869565217392
688.0912,98,9.8
366.2,98,6.125
183.233,98,32.666666666666664
591.1,98,19.6
340.21,98,10.88888888888889
322,98,7.0
321.6,98,14.0
598.23,98,19.6
564.4077,97,16.166666666666668
594.076,97,48.5
005.56077,97,32.333333333333336
233.74,97,8.818181818181818
234.174,97,24.25
532.3,97,7.461538461538462
668.4,97,13.857142857142858
155.7,97,5.705882352941177
834.6,97,13.857142857142858
370.9,97,24.25
610.1,97,19.4
541,97,13.857142857142858
606.926,97,8.818181818181818
321.92,97,12.125
474.6,97,32.333333333333336
001.1,97,9.7
390.911,96,8.0
186.56,96,16.0
560.8,96,32.0
572.076,96,48.0
326.180912,96,6.0
340.24,96,4.571428571428571
691.51,96,24.0
812.8,96,6.857142857142857
235.6099,96,13.714285714285714
451.31,96,48.0
349.42012,96,8.727272727272727
331.16,96,13.714285714285714
511.1687,96,7.384615384615385
610.9,95,10.555555555555555
513.899,95,10.555555555555555
337.6,95,5.588235294117647
495.17,95,23.75
517.1,95,3.8
981.18502,95,23.75
549.78,95,5.9375
325.551,95,11.875
326.704,95,47.5
671.8,95,19.0
981.222202,95,23.75
568,95,9.5
911.99,94,7.833333333333333
350.3,94,7.230769230769231
470.99,94,11.75
325.37,94,8.545454545454545
653.255,94,18.8
231.015,94,4.947368421052632
592.099,94,23.5
023.2,94,23.5
152.7,94,11.75
367,94,10.444444444444445
427.1,94,18.8
512.1,94,23.5
023,94,10.444444444444445
569.3027,94,18.8
584.98,94,18.8
511.6,93,7.153846153846154
590.4,93,13.285714285714286
512.8034,93,46.5
327.21,93,10.333333333333334
310.4,93,23.25
689,93,18.6
376.637,93,13.285714285714286
327.853,93,23.25
225.84,93,5.8125
233.995,93,18.6
472.52482,93,23.25
323,93,10.333333333333334
539.75,93,7.153846153846154
651.077,92,23.0
010.9,92,7.666666666666667
519.76,92,10.222222222222221
384.6,92,6.133333333333334
911 ,92,92.0
321.7,92,46.0
410.072,92,46.0
808.2,92,11.5
160.25,92,8.363636363636363
598.45,92,18.4
495.49,92,18.4
594.57,91,30.333333333333332
820.99,91,7.583333333333333
181.2,91,13.0
183.646,91,11.375
364.2,91,13.0
330.904,91,8.272727272727273
513.8544,91,18.2
331.509,91,9.1
390.4,90,9.0
189.4,90,15.0
326.184,90,18.0
382.2,90,90.0
420.71,90,12.857142857142858
191.1,90,12.857142857142858
701.08,90,11.25
350.04,90,5.294117647058823
688.18,90,15.0
325.52,90,9.0
490.69,90,12.857142857142858
587,90,11.25
530.233,90,15.0
233.21,89,22.25
029.83,89,4.944444444444445
185,89,14.833333333333334
674.8,89,11.125
374.19,89,11.125
512.5153,89,9.88888888888889
570.32,89,17.8
238.599,89,9.88888888888889
332.276,89,9.88888888888889
534,89,14.833333333333334
514.73,89,11.125
548.9,89,14.833333333333334
609.204,89,11.125
824,89,17.8
656.21,89,29.666666666666668
695.1,88,17.6
982.99602,88,9.777777777777779
350.31,88,8.0
821.4,88,4.0
441.1,88,29.333333333333332
181.8,88,22.0
717,88,22.0
233.098,88,9.777777777777779
232.84,88,11.0
694.304,88,8.8
657.18,87,12.428571428571429
911.0557,87,17.4
561.601,87,43.5
365.077,87,21.75
187.41,87,17.4
558.9,87,10.875
673.504,87,9.666666666666666
327.5,87,7.25
331.50911,87,4.833333333333333
920.37,87,21.75
617.8,87,29.0
414.5,87,17.4
310.17077,87,87.0
320.91,87,4.578947368421052
892.67,87,8.7
326.18,87,7.25
911.003,87,17.4
005.713,87,8.7
004.77,87,12.428571428571429
740.9,87,6.6923076923076925
594.14,87,14.5
685.1,87,3.782608695652174
518.5048,87,21.75
368.13,87,14.5
338.304,86,6.615384615384615
982.7902,86,28.666666666666668
780,86,10.75
698.34,86,86.0
020.9,86,8.6
519.2,86,12.285714285714286
689.9099,86,86.0
233.69,86,12.285714285714286
090,86,86.0
512.8698,86,14.333333333333334
452,85,10.625
566.575,85,8.5
556.2,85,14.166666666666666
349.1,85,6.071428571428571
656.5,85,85.0
151.5,85,2.9310344827586206
998.51,85,28.333333333333332
340.25,85,5.666666666666667
365.5,85,9.444444444444445
004.794,85,9.444444444444445
004.79,85,7.7272727272727275
535,85,14.166666666666666
325.745,85,28.333333333333332
325.345,85,8.5
420.4,85,28.333333333333332
992.8,84,21.0
597.6,84,8.4
004.6,84,14.0
325.29,84,9.333333333333334
330.8,84,7.636363636363637
594.7,84,14.0
921.03,84,42.0
004.67,84,14.0
566.077,84,21.0
981.2802,84,14.0
223.1,84,21.0
320.905,83,9.222222222222221
338.26,83,20.75
173,83,27.666666666666668
223.51,83,9.222222222222221
593.7,83,11.857142857142858
233.7,83,6.916666666666667
808.98,83,16.6
180.73,83,20.75
594.9,83,11.857142857142858
594.5536,83,41.5
676.2,83,10.375
182.35,83,8.3
518.4,82,16.4
530.8,82,2.9285714285714284
187.4,82,13.666666666666666
878,82,13.666666666666666
511.56,82,10.25
430.99,82,13.666666666666666
654.4,82,11.714285714285714
152.2,82,7.454545454545454
152.28,82,27.333333333333332
540.09111,81,5.4
231.41,81,10.125
652.59,81,11.571428571428571
918.302,81,27.0
350.4735,81,81.0
562,81,20.25
513.826,81,11.571428571428571
349.12,81,9.0
332.4,81,6.230769230769231
515.16,81,11.571428571428571
573.96,81,11.571428571428571
004.74,80,8.0
526.3,80,8.88888888888889
359,80,6.666666666666667
710.13,80,6.153846153846154
440.9,80,6.153846153846154
236.903,80,10.0
327.6,80,40.0
180.8,80,80.0
309.126,80,8.0
596.1,80,16.0
596.077,80,40.0
594.5099,79,13.166666666666666
716,79,19.75
365.56,79,19.75
359.01,79,4.647058823529412
440.4,79,15.8
233.01,79,4.9375
004.783,79,5.266666666666667
349.82,79,4.647058823529412
031.077,79,39.5
182.6913,79,9.875
310.6,79,11.285714285714286
586.7,79,8.777777777777779
443.43,79,6.076923076923077
909.6,78,15.6
309.124,78,8.666666666666666
331.48,78,4.875
331.39,78,5.571428571428571
692.09,78,11.142857142857142
869.9,78,15.6
787.5,78,13.0
325.14,78,6.5
811.608,78,13.0
558.3092,78,15.6
533,78,7.090909090909091
160.21,78,13.0
593.232,78,19.5
695.59,78,39.0
331.13,78,19.5
921.05,78,39.0
326.763,78,8.666666666666666
235.74,78,11.142857142857142
367.43,78,7.090909090909091
653.24,77,11.0
379.138,77,12.833333333333334
542.6,77,19.25
539.9077,77,25.666666666666668
699,77,8.555555555555555
309.12,77,7.7
363.076,77,19.25
606.942,77,15.4
501,77,5.923076923076923
540.15,77,5.923076923076923
134.5,77,9.625
811.818,77,11.0
701.01,76,6.333333333333333
911.074,76,12.666666666666666
670.1,76,5.428571428571429
982.7102,76,38.0
378.16,76,38.0
379.29,76,25.333333333333332
511.1682,76,15.2
388.308,76,25.333333333333332
334.904,76,19.0
592.91,76,10.857142857142858
681.5,76,10.857142857142858
235.6,76,4.75
539.95,76,8.444444444444445
024.32,76,6.333333333333333
165.87,76,19.0
182.6911,76,15.2
517.571,76,5.846153846153846
892.82,76,10.857142857142858
513.2,76,10.857142857142858
912.4,76,12.666666666666666
339.9,76,15.2
516.41,75,37.5
497.68,75,18.75
983,75,18.75
513.63,75,7.5
522,75,6.818181818181818
692.9,75,9.375
592.3072,75,75.0
519.1,75,15.0
370.109,75,18.75
474.3282,75,18.75
566.3,75,12.5
813.6081,75,25.0
981.602,75,15.0
556.04,75,10.714285714285714
192.1,74,9.25
430.9,74,18.5
527.7,74,9.25
005.55077,74,37.0
327.53,74,14.8
331.233,74,6.7272727272727275
570.301,74,12.333333333333334
566.8,74,18.5
923.6,74,24.666666666666668
340.18,74,10.571428571428571
373.6,74,8.222222222222221
892.91,74,37.0
671.6,74,18.5
540.16027,74,18.5
691.1,74,18.5
554,73,10.428571428571429
327.5099,73,73.0
981.1469,73,18.25
592.0099,73,18.25
321.546,73,10.428571428571429
326.371,73,7.3
896.8,73,0.37628865979381443
688.018,73,9.125
340.245,73,4.866666666666666
325.342,73,8.11111111111111
517.57,73,18.25
833.608,73,18.25
840,73,2.8076923076923075
609.1,73,14.6
334.23,73,6.636363636363637
911.066,73,3.8421052631578947
370.19,72,12.0
004.661,72,24.0
498.0911,72,6.545454545454546
549.704,72,18.0
981.9,72,72.0
361.3,72,10.285714285714286
152.224,72,18.0
540.23,72,12.0
429.2,72,8.0
701.013,72,8.0
325.358,72,12.0
519.83,72,9.0
400.99,72,10.285714285714286
909.94,71,71.0
919,71,14.2
309.125,71,7.1
322.9541,71,23.666666666666668
004.34,71,8.875
235.83,71,5.916666666666667
490.99,71,35.5
713.02,71,6.454545454545454
513.923,71,11.833333333333334
565.267,71,11.833333333333334
027,71,5.461538461538462
004.57076,71,14.2
223.4,71,14.2
273,71,14.2
524.2,71,17.75
327.535,71,10.142857142857142
911.057,71,2.730769230769231
823.08,71,3.0869565217391304
325.95,71,35.5
981.155,71,5.916666666666667
103,71,23.666666666666668
984.9102,70,8.75
924.06,70,10.0
911.071,70,7.0
633.04,70,35.0
327.855,70,23.333333333333332
632.3,70,23.333333333333332
412.3,70,23.333333333333332
567.013,70,8.75
005.7,70,6.363636363636363
388.33,70,35.0
150.8,70,7.0
223.54,70,11.666666666666666
631,70,17.5
321.542,70,5.0
892.809,70,5.0
522.2,69,8.625
559.34464,69,17.25
234.177,69,5.75
194.4,69,11.5
747.027,69,69.0
325.607,69,9.857142857142858
166,69,11.5
424,69,7.666666666666667
327.1,69,5.75
183.01,69,69.0
515.732,69,17.25
360.13,69,4.928571428571429
376.441,69,17.25
383,69,9.857142857142858
181.35,68,17.0
592.357,68,68.0
512.2,68,11.333333333333334
484.4,68,17.0
511.5,68,5.666666666666667
987.9029,68,6.8
513.853,68,13.6
235.36,68,22.666666666666668
556.775,68,13.6
194.9,68,3.090909090909091
881.09,68,17.0
386.5,68,13.6
377.3,67,33.5
598.10215,67,22.333333333333332
539.912,67,2.392857142857143
005.119,67,16.75
871,67,7.444444444444445
510.1,67,4.785714285714286
539.979,67,8.375
519.6,67,11.166666666666666
151.581,67,6.7
652.1,67,22.333333333333332
654.23,67,8.375
569.8,67,11.166666666666666
513.854,67,9.571428571428571
600.911,67,5.153846153846154
373.22,67,7.444444444444445
409.8,67,7.444444444444445
007.3,67,33.5
913.072,67,7.444444444444445
556.5,67,22.333333333333332
527.64,66,16.5
380.9,66,16.5
836.6,66,22.0
601.09,66,9.428571428571429
911.076,66,22.0
209.11,66,3.6666666666666665
328.51,66,11.0
413.7,66,5.5
309.1141,66,9.428571428571429
331.235,66,9.428571428571429
567.86,66,8.25
539.91,66,3.142857142857143
532.7,66,3.8823529411764706
367.8,66,9.428571428571429
847,66,9.428571428571429
555.1,66,33.0
610.9205,66,7.333333333333333
831.309,66,22.0
519.633,65,21.666666666666668
498.3,65,65.0
418.71,65,16.25
558.34,65,21.666666666666668
568.3,65,7.222222222222222
575.81,65,16.25
376.5471,65,32.5
519.21,65,16.25
984,65,16.25
513.99449,65,6.5
980.27,65,10.833333333333334
918.4,65,13.0
233.41,65,8.125
005.453,65,9.285714285714286
234.1,65,4.0625
459,65,13.0
181.94,65,16.25
325.66,65,13.0
811.3082,65,32.5
513.61,65,16.25
739.3,65,9.285714285714286
821,65,5.0
327.829,65,65.0
223.58,65,9.285714285714286
850.99,64,9.142857142857142
981.41,64,32.0
984.029,64,64.0
334.25,64,4.923076923076923
340.221,64,3.3684210526315788
511.135,64,12.8
511.111,64,8.0
808.4,64,21.333333333333332
029.52,64,9.142857142857142
026.9,64,16.0
594.66,64,21.333333333333332
811.082,64,32.0
232.1,64,10.666666666666666
859.73,64,64.0
370.99,64,7.111111111111111
331.5413,64,9.142857142857142
410.17,63,12.6
563.6,63,15.75
981.44502,63,15.75
513.752,63,15.75
440.99,63,12.6
342.133,63,9.0
839.82,63,0.6176470588235294
556.75077,63,63.0
342.13,63,7.0
363.67,63,15.75
326.21,63,10.5
472.14,63,31.5
191,63,4.2
328.04,63,21.0
230.911,63,4.846153846153846
420.77,63,31.5
892.92,63,12.6
804,63,4.2
517.92,63,7.875
802.4,62,4.769230769230769
340.9,62,4.769230769230769
710.9,62,8.857142857142858
653.43,62,20.666666666666668
540.76,62,31.0
511.169,62,8.857142857142858
539.42,62,6.888888888888889
539.4,62,31.0
516.47,62,8.857142857142858
331.63,62,10.333333333333334
384,62,7.75
912.8,62,10.333333333333334
339.04,62,20.666666666666668
231.42,62,6.888888888888889
514.986,62,8.857142857142858
342.1099,62,12.4
563.5,62,5.166666666666667
472.04,62,20.666666666666668
611.0911,62,31.0
454.03,62,20.666666666666668
233.4,62,20.666666666666668
981.44,62,62.0
980.109,62,31.0
374.9,61,20.333333333333332
327.804,61,30.5
392,61,15.25
690,61,4.6923076923076925
662.6,61,15.25
876,61,30.5
211.16,61,15.25
440.911,61,8.714285714285714
982.3602,61,15.25
320.34,61,61.0
004.172,61,10.166666666666666
239.4,61,20.333333333333332
657.04,61,15.25
912.038,61,6.1
334.71,61,20.333333333333332
833.607,61,30.5
151.58099,61,15.25
476.04,61,61.0
693.2,61,20.333333333333332
721.1,61,6.777777777777778
595.31,61,12.2
321.393,61,6.1
912.5,61,30.5
381.3092,61,15.25
565,61,6.1
730.7,61,6.1
192.2,61,8.714285714285714
309.115,61,6.1
375.226,60,30.0
802.31,60,30.0
569.81,60,12.0
999.82,60,15.0
000,60,0.8695652173913043
653.1,60,10.0
514.3,60,8.571428571428571
410.2,60,15.0
388.11,60,30.0
374.98,60,12.0
197,60,10.0
340.22942,60,30.0
688.60913,60,30.0
527.4786,60,5.454545454545454
601.8,60,12.0
926.04,60,8.571428571428571
592.204,60,60.0
326.1404,60,60.0
373.52,60,30.0
121.6,60,30.0
326.143,60,30.0
515.17,59,7.375
160.257,59,14.75
324,59,6.555555555555555
377.8,59,3.6875
811.6099,59,11.8
321.57,59,3.933333333333333
592.28,59,19.666666666666668
830.906,59,5.9
519.992,59,14.75
598.142,59,14.75
485.1604,59,8.428571428571429
692.01,59,7.375
365.076,59,29.5
540.21,59,14.75
331.138,59,19.666666666666668
691.204,59,11.8
662.4,59,14.75
325.15,59,9.833333333333334
325.35,59,8.428571428571429
512.87,59,14.75
513.202,59,19.666666666666668
359.08,59,4.214285714285714
542.5,59,9.833333333333334
121.68,59,5.9
511.108,58,14.5
375.40298,58,8.285714285714286
362.077,58,14.5
540.023,58,11.6
909.3,58,11.6
170.4,58,58.0
531.1,58,4.461538461538462
410.76,58,19.333333333333332
811.6109,58,3.8666666666666667
692.08,58,29.0
792.85,58,9.666666666666666
676.4,58,14.5
839.81,58,1.45
220.18,58,58.0
336.4,58,5.8
392.1911,57,28.5
654.3,57,9.5
839.61,57,5.181818181818182
150.2,57,28.5
475.3,57,11.4
134,57,7.125
573.92,57,9.5
593.6,57,28.5
671.64,57,11.4
699.104,57,5.7
233.213,57,7.125
592.379,57,57.0
911.053,57,7.125
374.4,57,7.125
598.15,57,8.142857142857142
325.712,57,14.25
377.004,57,28.5
680.4,56,28.0
687.15,56,14.0
558.3431,56,11.2
446.8,56,14.0
512.513,56,28.0
517.13,56,4.3076923076923075
338.181,56,4.3076923076923075
892.2,56,11.2
146.1,56,5.6
349.11013,56,2.6666666666666665
517.35,56,14.0
379.11,56,28.0
110,56,5.090909090909091
554.9,56,18.666666666666668
911.054,56,7.0
238.482,56,8.0
514,56,18.666666666666668
911.5,56,56.0
184.8,55,27.5
911.049,55,9.166666666666666
553.8,55,18.333333333333332
215.83,55,5.0
365.2,55,9.166666666666666
233.04,55,9.166666666666666
510.74,55,2.8947368421052633
280,55,3.4375
515.19,55,11.0
558.309,55,18.333333333333332
513.8545,55,11.0
673.1,55,27.5
189 ,55,55.0
327.37,55,13.75
005.136,55,9.166666666666666
361.252,55,6.875
321.55077,55,55.0
609.2045,55,11.0
326.8,55,55.0
714.7,55,11.0
324.47,55,18.333333333333332
381.79,55,5.0
476.9,54,9.0
325.83,54,7.714285714285714
681.3,54,10.8
231.31,54,10.8
516.9389,54,9.0
570,54,9.0
610.927,54,10.8
364.46,54,54.0
992,54,7.714285714285714
360.99,54,6.75
239.09,54,9.0
594.576,54,27.0
321.504,54,7.714285714285714
350.076,54,27.0
361.5,54,9.0
715.07,54,7.714285714285714
439.7,54,13.5
152.23,54,7.714285714285714
327.099,54,13.5
657.4,54,18.0
517.549,54,6.0
150.73,54,54.0
350.76,54,18.0
235.71,54,18.0
513.8534,54,13.5
594.077,54,54.0
695.7099,54,7.714285714285714
558.91,53,13.25
606.928,53,13.25
574.07,53,8.833333333333334
513.1,53,17.666666666666668
525.48,53,8.833333333333334
640.99,53,8.833333333333334
813.709,53,5.3
450.3,53,17.666666666666668
609.12,53,8.833333333333334
259.3,53,7.571428571428571
321.8,53,10.6
860,53,2.12
309.129,53,5.888888888888889
325.94,53,10.6
636.8,53,7.571428571428571
913.02,53,8.833333333333334
592.5,53,13.25
874,53,5.888888888888889
231.18,53,10.6
325.03,53,53.0
619..5,53,53.0
532.2,52,4.0
139,52,13.0
540.09,52,5.777777777777778
673.5309,52,26.0
350.47,52,26.0
325.473,52,17.333333333333332
652.55,52,17.333333333333332
574.752077,52,52.0
498.66,52,13.0
140,52,10.4
519.0912,52,13.0
913.075,52,8.666666666666666
373.308,52,52.0
600.422,52,4.7272727272727275
340.28,52,5.2
238.2099,52,7.428571428571429
830.9,52,4.7272727272727275
609.205,52,6.5
564.077,52,17.333333333333332
115.6,52,26.0
325.521,51,12.75
365.9,51,3.923076923076923
981.87,51,25.5
410.25,51,51.0
562.18,51,51.0
539.73,51,6.375
809.06,51,17.0
337.09,51,7.285714285714286
690.99,51,51.0
350.8023,51,12.75
454.93,51,25.5
392.2,51,10.2
850.9,51,3.4
369.42,51,10.2
335.5,51,5.666666666666667
525.3,51,17.0
521.7,51,10.2
516.42,51,10.2
340.109,51,3.642857142857143
337.0911,50,3.3333333333333335
005.82,50,7.142857142857143
676.92,50,10.0
809.1,50,6.25
183.633,50,16.666666666666668
370.185,50,10.0
502,50,12.5
132.4,50,5.555555555555555
530.25,50,8.333333333333334
912.043,50,3.8461538461538463
320.91863,50,12.5
513.11,50,12.5
115,50,5.555555555555555
539.9804,50,12.5
327.5442,50,16.666666666666668
811.25,50,50.0
375.1474,50,16.666666666666668
325.58,50,7.142857142857143
379.7,50,7.142857142857143
568.077,50,16.666666666666668
628,50,10.0
322.11,50,3.8461538461538463
646.1,50,16.666666666666668
005.076,49,24.5
490.73,49,24.5
364.564,49,24.5
792.55,49,4.9
553.8077,49,49.0
812.608,49,16.333333333333332
364.47,49,16.333333333333332
518.31,49,9.8
566.843,49,12.25
325.077,49,24.5
375.48,49,24.5
691.1509,49,16.333333333333332
234.13,49,9.8
181.5,49,24.5
606.911,49,2.130434782608696
301.099,49,16.333333333333332
600.92,49,8.166666666666666
497.31,49,9.8
334.224,49,9.8
698.4,49,6.125
005.7565,49,8.166666666666666
654.499743,49,24.5
349.97,49,5.444444444444445
326.180911,49,8.166666666666666
325.98,49,8.166666666666666
472.5073,49,24.5
654.8539,49,49.0
012.96,49,24.5
670.13,48,6.857142857142857
223.57,48,12.0
375.36,48,16.0
320.915,48,8.0
234.1723,48,48.0
513.8521,48,6.0
539.94,48,5.333333333333333
831,48,9.6
540.8,48,8.0
853 ,48,48.0
982.6,48,16.0
551,48,6.857142857142857
516.93896,48,12.0
327.9812,48,16.0
920.2,48,9.6
688.0913,48,8.0
966.6,48,48.0
838.8,48,48.0
331.04,48,8.0
724.3,48,24.0
152.416,48,4.363636363636363
365.541,48,9.6
563.3,48,16.0
367.4076,48,24.0
698.31,48,12.0
233.38,48,6.857142857142857
472.5263,48,12.0
379.75,48,8.0
914.103,48,8.0
911.9,48,12.0
568.076,48,24.0
373.45,48,48.0
537,48,4.0
390.2,47,11.75
513.83,47,47.0
998.61,47,23.5
558.324,47,47.0
523.7,47,15.666666666666666
525.92021,47,47.0
574.4,47,6.714285714285714
388.911,47,11.75
458,47,7.833333333333333
530.23,47,9.4
810.907,47,2.238095238095238
912.052,47,47.0
325.553,47,9.4
594.5524,47,11.75
512.454,47,4.7
233.693,47,15.666666666666666
573.1,47,11.75
527.54,47,47.0
165.77099,47,15.666666666666666
910.2,47,11.75
911.007,47,15.666666666666666
911.01,47,6.714285714285714
274,47,9.4
005.8077,46,46.0
325.22,46,9.2
160.36,46,23.0
892.9,46,23.0
519.22,46,6.571428571428571
235.88,46,6.571428571428571
896.267,46,46.0
512.5154,46,5.75
472.526,46,23.0
475.163,46,11.5
981.58702,46,6.571428571428571
485,46,15.333333333333334
913.055,46,7.666666666666667
715.9,46,5.75
012.47,46,11.5
594.503,46,23.0
397,46,23.0
820,46,11.5
327.44,46,23.0
516.9385,46,11.5
658.09259,46,46.0
516.938,46,11.5
985.502,46,7.666666666666667
160.26,46,15.333333333333334
511.476,46,15.333333333333334
374.67,46,9.2
606.927,46,15.333333333333334
921.06,45,15.0
493.95,45,15.0
549.782,45,9.0
231.69,45,6.428571428571429
375.147,45,22.5
376.471,45,15.0
591.11,45,22.5
512.83,45,45.0
181.22,45,15.0
653.27,45,6.428571428571429
329.40077,45,11.25
594.672,45,15.0
371.37,45,11.25
692.1,45,9.0
526.45,45,22.5
309.13,45,3.75
823.509,45,7.5
535.6,45,15.0
516.33,45,11.25
309.1236,45,11.25
592.033,45,15.0
165.68,45,7.5
569.077,45,45.0
981.165,45,22.5
114.4,45,15.0
325.663,45,5.0
691.7,45,7.5
326.141,45,11.25
340.099,45,15.0
001.2,45,45.0
592.353,45,45.0
326.201,45,11.25
558.3252,45,45.0
530.232,44,22.0
696.7,44,7.333333333333333
574.028,44,44.0
570.31,44,22.0
327.64,44,44.0
370.183,44,14.666666666666666
531,44,4.888888888888889
470.1,44,8.8
639.5077,44,22.0
912.05,44,11.0
982.4,44,22.0
598.04,44,7.333333333333333
235.82,44,4.888888888888889
185.5099,44,14.666666666666666
350.82,44,11.0
331.9,44,7.333333333333333
375.46,44,22.0
920.42,44,11.0
913.06,44,8.8
349.11042,44,4.0
490.19,44,44.0
811.3509,44,8.8
922.07,44,22.0
326.24,44,44.0
519.4325,44,11.0
337.4,44,7.333333333333333
574.55,44,11.0
320.92,44,6.285714285714286
430.1,44,11.0
160.256,44,7.333333333333333
535.9,44,5.5
364.0076,43,43.0
820.9,43,3.5833333333333335
363.077,43,14.333333333333334
687.13,43,14.333333333333334
378.17,43,14.333333333333334
531.077,43,21.5
518.372,43,8.6
530.968077,43,21.5
606,43,8.6
338.31099,43,21.5
525.9092,43,43.0
175,43,14.333333333333334
653.42,43,8.6
998.23,43,21.5
481.2,43,14.333333333333334
561.1077,43,43.0
330.913,43,7.166666666666667
453.76,43,7.166666666666667
329.29,43,14.333333333333334
378.5,43,21.5
720.4,43,8.6
328.16,43,10.75
548.96,42,14.0
344,42,5.25
513.8904,42,14.0
325.65076,42,21.0
181.36,42,8.4
513.813,42,10.5
731.44,42,21.0
325.344,42,8.4
182.693,42,21.0
235.21,42,14.0
640,42,10.5
005.442,42,42.0
512.404,42,42.0
813.08,42,42.0
346.11,42,4.666666666666667
914.4,42,14.0
199.08,42,21.0
525.49,42,8.4
601.3,42,3.8181818181818183
005.42,42,8.4
981.192,42,8.4
670.24,42,3.8181818181818183
238.9,42,7.0
238.99,42,10.5
594.552649,42,21.0
013.32,42,4.666666666666667
327.027,42,5.25
325.53,42,8.4
518.6,42,14.0
326.39077,42,21.0
593.04,42,42.0
029.3,42,14.0
926.3,42,4.2
004.165,42,14.0
270.99,41,13.666666666666666
375.222,41,6.833333333333333
872,41,4.555555555555555
715.4,41,13.666666666666666
166.81,41,10.25
361.86,41,4.1
013.04,41,5.857142857142857
325.61,41,10.25
831.8,41,41.0
013,41,5.857142857142857
012.7,41,13.666666666666666
321.5411,41,13.666666666666666
598.52,41,20.5
566.813,41,20.5
698.33,41,20.5
941,41,13.666666666666666
331.132,41,10.25
335,41,6.833333333333333
363.64,41,13.666666666666666
326.209,41,10.25
478,41,13.666666666666666
574.52,41,6.833333333333333
813.09,41,2.411764705882353
005.73 ,41,20.5
201.09,41,13.666666666666666
472.18,41,8.2
639.509,41,13.666666666666666
556.24,41,8.2
223.56,41,5.857142857142857
617.0911,40,8.0
331.32,40,10.0
727.4,40,10.0
513.4,40,13.333333333333334
235.25,40,13.333333333333334
513.8916,40,20.0
513.89021,40,40.0
327.85099,40,40.0
330.76,40,40.0
697.3,40,13.333333333333334
920.41,40,13.333333333333334
152.217,40,6.666666666666667
325.313,40,8.0
367.304,40,10.0
325.17,40,40.0
980.1,40,8.0
676.7,40,8.0
189.25,40,20.0
326.340911,40,13.333333333333334
367.41,40,20.0
350.2,40,8.0
233.088,40,5.714285714285714
004.56,40,20.0
558.9092,40,13.333333333333334
574.48,40,20.0
588.044,40,40.0
363.8,40,13.333333333333334
821.09,40,10.0
325.82077,40,40.0
334.245,40,5.714285714285714
340.27,39,5.571428571428571
325.85,39,9.75
421,39,6.5
530.099,39,5.571428571428571
325.346,39,19.5
620,39,9.75
201.8,39,5.571428571428571
636.9,39,39.0
639.504,39,13.0
673.51104,39,6.5
390.913,39,6.5
598.14,39,39.0
123.1,39,6.5
563.9,39,6.5
476.7,39,19.5
519.69,39,6.5
574.8,39,39.0
320.185,39,9.75
003.5,39,19.5
527.37,39,39.0
536,39,9.75
539.9825,39,19.5
670.88,39,19.5
377.268,39,4.875
327.88,39,4.875
594.5529,39,13.0
573,39,9.75
513.8504,39,7.8
152.32,39,9.75
912.048,39,19.5
732,39,19.5
409.2,39,13.0
211.6,39,5.571428571428571
739.83,39,5.571428571428571
494.68,39,19.5
914,38,9.5
164.5,38,12.666666666666666
388.32981,38,38.0
511.2,38,19.0
542.2077,38,38.0
598.7,38,12.666666666666666
942.073,38,4.75
513.8917,38,12.666666666666666
984.42,38,38.0
447,38,38.0
513.99436,38,12.666666666666666
374.004,38,12.666666666666666
594.67,38,7.6
323.9,38,7.6
912.034,38,19.0
481.4,38,38.0
821.409,38,3.4545454545454546
490.4,38,6.333333333333333
331.6,38,4.75
574.3,38,12.666666666666666
474.138,38,38.0
695.8099,38,4.222222222222222
219.5,38,9.5
510.73,38,5.428571428571429
563.1,38,7.6
498.52,38,19.0
342.8,38,4.75
566.74,38,12.666666666666666
186.33,38,19.0
070.404,38,7.6
566.5,38,7.6
238.252,38,12.666666666666666
328.45,38,12.666666666666666
912.026,38,5.428571428571429
326.4,38,9.5
213,38,12.666666666666666
594.37,38,12.666666666666666
692.04,38,4.75
519.3142,38,38.0
553.8076,38,38.0
325.348,37,6.166666666666667
596.8,37,9.25
982.4802,37,6.166666666666667
332.63,37,7.4
069.5,37,37.0
350.214,37,4.625
863.099,37,9.25
375.322,37,18.5
362.24,37,18.5
221.6,37,18.5
580,37,18.5
220.911,37,5.285714285714286
301.0926,37,12.333333333333334
568.3077,37,18.5
820.81,37,3.0833333333333335
290,37,6.166666666666667
594.571,37,18.5
375.1077,37,9.25
718,37,2.0555555555555554
168,37,7.4
361.43,37,12.333333333333334
113,37,4.111111111111111
291.1,37,5.285714285714286
563.94,37,12.333333333333334
233.22,37,9.25
685.10911,37,6.166666666666667
024,37,9.25
374.692,37,7.4
989.116,37,6.166666666666667
517.544,37,7.4
165.82,37,5.285714285714286
691.2099,37,9.25
365.415,37,37.0
567.673,37,9.25
540.3,37,18.5
931.1,37,12.333333333333334
351.18204,37,18.5
912.035,37,37.0
415.1,37,37.0
527.4,37,9.25
417,36,36.0
656.8,36,12.0
592.022,36,36.0
082.5,36,18.0
430.3,36,36.0
329.0911,36,12.0
929.9603,36,12.0
594.538,36,7.2
541.3,36,18.0
613.2,36,12.0
375.1467,36,12.0
350.83,36,3.272727272727273
731.47,36,18.0
981.2602,36,7.2
320.109,36,7.2
533.9,36,18.0
327.09,36,7.2
671.1,36,18.0
005.16,36,9.0
525.6,36,7.2
515.3,36,12.0
114.3,36,12.0
233.24,36,5.142857142857143
475.1,36,18.0
194.5,36,9.0
195,36,5.142857142857143
519.647,36,9.0
489.995,36,7.2
596.904,36,36.0
350.21,36,4.5
325.25,36,7.2
510.911,36,6.0
328.55,36,18.0
361.077,36,36.0
513.595,36,9.0
350.073,35,17.5
233.25,35,11.666666666666666
379.15,35,17.5
661,35,17.5
556.754077,35,35.0
484.5,35,7.0
375.4658,35,35.0
200.4,35,11.666666666666666
191.3,35,11.666666666666666
233.212,35,7.0
233.216,35,17.5
673.51,35,5.833333333333333
641.5,35,17.5
981.4,35,11.666666666666666
151.53,35,5.833333333333333
416,35,11.666666666666666
578,35,5.0
527.49,35,35.0
414.076,35,35.0
371.0913,35,35.0
681.8,35,2.9166666666666665
420.41,35,17.5
921.08,35,11.666666666666666
986.02,35,35.0
291.12,35,2.9166666666666665
910.5,35,3.1818181818181817
526.36,35,11.666666666666666
720.76,35,17.5
365.6,35,5.833333333333333
981.28,35,17.5
671.12,35,11.666666666666666
853.09,35,3.888888888888889
912.062,35,11.666666666666666
811.36,35,1.2962962962962963
024.6,35,5.833333333333333
653.13,35,7.0
982.9602,34,11.333333333333334
188.83,34,17.0
005.712,34,11.333333333333334
559.309,34,17.0
321.526,34,17.0
338.54,34,3.7777777777777777
747.5077,34,17.0
590.143,34,34.0
694.8,34,11.333333333333334
859.1,34,34.0
326.31,34,4.25
646,34,34.0
233.72,34,6.8
491.0733,34,11.333333333333334
344.5,34,1.36
980.027,34,3.4
638.0911,34,11.333333333333334
450.942,34,34.0
181.73,34,11.333333333333334
574.92,34,6.8
375.135,34,5.666666666666667
833.6081,34,11.333333333333334
326.457,34,11.333333333333334
370.6,34,34.0
612.3,34,6.8
350.8,34,8.5
452.15,34,34.0
860.9,34,3.7777777777777777
365.011,34,11.333333333333334
670.3,34,17.0
568.89,34,5.666666666666667
431.5,34,34.0
539.908,34,17.0
514.004,34,34.0
516.938549,34,17.0
435.6,34,34.0
701.9,34,4.857142857142857
524.03,34,34.0
115.68,34,8.5
680.99,34,4.25
981.19,34,8.5
779,34,4.25
028.65076,34,34.0
334.72,33,6.6
873.09,33,6.6
519.36,33,16.5
025,33,8.25
559.99,33,11.0
476.1099,33,6.6
592.0077,33,16.5
981.18802,33,33.0
375.498,33,16.5
983.1602,33,8.25
326.187,33,11.0
349.09,33,16.5
514.24,33,11.0
704,33,8.25
514.251,33,1.8333333333333333
233.78,33,5.5
912.057,33,6.6
330.99,33,4.125
674.2099,33,16.5
594.35,33,5.5
513.385,33,5.5
513.8523,33,16.5
530.6,33,6.6
981.34902,33,11.0
367.434,33,11.0
229.099,33,8.25
338.076,33,33.0
450.911,33,3.6666666666666665
326.76,33,2.75
832,33,33.0
365.2077,33,16.5
667,33,16.5
581.8,33,11.0
336.077,33,16.5
545,32,16.0
566.015,32,6.4
332.024,32,16.0
349.11012,32,4.0
594.511,32,10.666666666666666
539.992,32,10.666666666666666
370.9237,32,10.666666666666666
309.118,32,8.0
654.22,32,5.333333333333333
236.4,32,32.0
321.62,32,10.666666666666666
379.077,32,10.666666666666666
233.42,32,8.0
040,32,10.666666666666666
672.3,32,4.0
320.184,32,32.0
912.064,32,10.666666666666666
527.372,32,10.666666666666666
425.8,32,16.0
337.0913,32,16.0
526.28,32,32.0
365.72077,32,10.666666666666666
557,32,16.0
513.73,32,8.0
325.027,32,16.0
640.1,32,32.0
472.3,32,6.4
643.1,32,10.666666666666666
181.46,32,10.666666666666666
236.2,32,6.4
150.04,32,8.0
012,32,8.0
675.5,32,32.0
516.1,32,2.6666666666666665
232.86,32,32.0
321.563,32,5.333333333333333
491.504,32,32.0
519.47,32,10.666666666666666
811.1,32,10.666666666666666
556.3,32,8.0
537.12,32,5.333333333333333
816.62,32,16.0
981.185,32,10.666666666666666
570.65,32,8.0
370.077,32,16.0
764,32,4.0
981.175,32,16.0
594.563,32,6.4
238.19,31,5.166666666666667
926.9,31,10.333333333333334
519.55,31,15.5
491.48,31,10.333333333333334
385.9,31,2.8181818181818183
525.46,31,10.333333333333334
913.07,31,5.166666666666667
326.16 ,31,31.0
328.5,31,15.5
433.192,31,31.0
334.2232,31,5.166666666666667
283,31,6.2
219.22,31,31.0
688.6099,31,15.5
498.0025,31,31.0
070.077,31,15.5
517.546,31,15.5
309.2,31,4.428571428571429
309.15,31,5.166666666666667
336.2,31,6.2
581.52,31,15.5
523.22,31,7.75
325.48,31,31.0
351.176,31,15.5
376.5474,31,31.0
183.232,31,31.0
182.9,31,10.333333333333334
330.9,31,4.428571428571429
233.28,31,15.5
323.694,31,10.333333333333334
591.04,31,15.5
320.2,31,31.0
725.1,31,31.0
596.8104,31,31.0
472.504,31,31.0
540.0911,31,7.75
226.9,31,10.333333333333334
375.1073,31,15.5
592.2042,31,31.0
374.69,31,31.0
695.804,31,3.4444444444444446
472.526325,31,10.333333333333334
475.099,31,15.5
594.7104,31,7.75
381.5,31,7.75
004.575077,31,6.2
448.7,31,31.0
451.32,31,3.1
653.29,31,6.2
740.1,31,15.5
787,31,15.5
349.077,31,15.5
688.028,31,3.4444444444444446
670.911,30,2.5
949.1,30,15.0
513.99434,30,7.5
589.7,30,15.0
344.942,30,10.0
342.109,30,30.0
373.21,30,10.0
209.9,30,10.0
013.41,30,15.0
370.182,30,6.0
539.077,30,30.0
126.1,30,10.0
792.1,30,7.5
337.099,30,5.0
233.087,30,7.5
569.31,30,15.0
678.5,30,30.0
326.34,30,4.285714285714286
539.709116,30,15.0
632.2,30,30.0
561.6,30,10.0
204.3,30,15.0
379.1704,30,30.0
525.76,30,15.0
982.56,30,30.0
187.04,30,15.0
692.077,30,7.5
334.3104,30,30.0
414.52,30,15.0
981.301,30,30.0
638.3,30,6.0
361.4,30,7.5
517.46,30,6.0
392.4,30,10.0
329.44,30,6.0
591.2,29,9.666666666666666
589.61,29,7.25
375.4802,29,7.25
519.994,29,29.0
530.436,29,29.0
679.09,29,4.833333333333333
559.7,29,14.5
925.064,29,29.0
335.04,29,29.0
511.48,29,29.0
982.102,29,29.0
840.77,29,29.0
981.45,29,14.5
570.62,29,4.833333333333333
981.19702,29,29.0
022.3,29,14.5
420.3,29,29.0
539.3,29,3.2222222222222223
481.68,29,14.5
113.2,29,14.5
328.3,29,7.25
991.108,29,29.0
573.55077,29,29.0
574.9,29,7.25
320.93,29,14.5
511.17,29,9.666666666666666
215.8,29,4.833333333333333
922.05,29,29.0
922.06,29,9.666666666666666
513.858,29,9.666666666666666
388.313,29,14.5
595.3,29,14.5
360.911,29,9.666666666666666
189.5,29,14.5
325.441077,29,29.0
527.66,29,14.5
520.99,29,14.5
988.6,29,9.666666666666666
566.76,29,4.142857142857143
594.3463,29,9.666666666666666
320.099,29,5.8
460,29,7.25
860.99,29,4.142857142857143
181.72,29,9.666666666666666
517.326,29,14.5
233.76,29,9.666666666666666
513.75,29,9.666666666666666
151.6,29,4.833333333333333
024.1,29,14.5
833.3,29,29.0
004.6077,29,9.666666666666666
421.14,29,14.5
375.32,29,4.833333333333333
559.71,28,14.0
600.906,28,7.0
515.76,28,14.0
427.2,28,28.0
224.1,28,9.333333333333334
222,28,7.0
340.92,28,3.5
350.34,28,14.0
902.5099,28,14.0
365.91,28,3.111111111111111
831.4,28,14.0
367.0911,28,5.6
350.099,28,28.0
730.4,28,28.0
329.79,28,28.0
594.29,28,5.6
233.79,28,4.0
233.68,28,14.0
567.3,28,5.6
323.66,28,9.333333333333334
721.25,28,28.0
539.995,28,14.0
370.23,28,1.6470588235294117
980.12,28,28.0
326.739,28,28.0
698.6,28,7.0
539.907,28,9.333333333333334
360.18,28,28.0
532.9,28,7.0
512.493,28,14.0
676,28,14.0
236.906,28,7.0
701.09,28,9.333333333333334
518.33,28,14.0
630.911,28,9.333333333333334
550.15,28,28.0
420.15,28,14.0
020.99,28,7.0
631.7,28,14.0
332.62,28,9.333333333333334
220.3,28,9.333333333333334
321.541,28,14.0
370.181,28,7.0
321.531,28,9.333333333333334
270,28,4.0
584,28,9.333333333333334
515.04,28,28.0
551.11,28,4.0
518.09,28,7.0
525.69,28,9.333333333333334
413.84,28,5.6
238,28,2.1538461538461537
513.994357,28,28.0
159.4,28,14.0
429.264,28,14.0
518.583,28,28.0
235.604,27,6.75
892.84,27,9.0
514.215,27,13.5
301.0911,27,4.5
659.3,27,5.4
594.572,27,6.75
942.08,27,9.0
632.4,27,27.0
981.15,27,5.4
309.11469,27,13.5
329.45,27,6.75
525.231,27,13.5
005.71,27,3.857142857142857
190.1092,27,13.5
512.6,27,5.4
381.3,27,9.0
567.4,27,13.5
326.1809141,27,13.5
326.26,27,6.75
688.0942,27,3.857142857142857
329.441,27,27.0
513.44,27,13.5
512.84,27,27.0
892.8099,27,5.4
392.48,27,27.0
233.991,27,13.5
364.3,27,5.4
586,27,4.5
004.099,27,6.75
004.15,27,9.0
584.9,27,6.75
679.01,27,13.5
633,27,27.0
840.099,27,27.0
185.34,27,9.0
453.1,27,6.75
530.236,27,13.5
511.1399,27,13.5
902.89,27,27.0
515.5,27,6.75
109.9,27,9.0
331.50912,27,9.0
991.26,27,27.0
237.7,27,6.75
573.10911,27,13.5
233.45,27,6.75
548.95,27,3.857142857142857
516.92515,27,13.5
701.018,27,3.857142857142857
334.04,27,9.0
519.57,27,9.0
587.13,27,27.0
515.4,26,3.7142857142857144
511.183,26,6.5
529.36,26,13.0
594.554,26,13.0
338.0925,26,26.0
554.92,26,13.0
004.5076,26,26.0
558.34353,26,13.0
998.91,26,26.0
340.23,26,5.2
211.17,26,26.0
211.3,26,26.0
339.8,26,26.0
511.404,26,26.0
530.98077,26,26.0
567.2,26,8.666666666666666
326.173,26,13.0
368.111,26,13.0
349.81,26,2.3636363636363638
512.831,26,26.0
334.604,26,13.0
543.1,26,6.5
697.19,26,8.666666666666666
366.6,26,8.666666666666666
796.8,26,3.25
336.04,26,26.0
326.392,26,3.25
687.71,26,13.0
723.4,26,26.0
320.924,26,8.666666666666666
566.4,26,8.666666666666666
654.48,26,13.0
326.39023,26,8.666666666666666
360.109,26,6.5
377.1,26,5.2
166.82,26,13.0
519.98,26,13.0
328.4,26,5.2
594.84,26,13.0
696.104,26,6.5
184.6,26,26.0
004.614,26,6.5
182.6912,26,8.666666666666666
513.76,26,8.666666666666666
375.101,26,26.0
539.93077,26,13.0
309.1124,26,13.0
532.441,26,13.0
331.51,26,8.666666666666666
518.3,26,8.666666666666666
526.48,26,26.0
695.104,26,13.0
598.16,26,8.666666666666666
373.25,26,6.5
301.1,26,8.666666666666666
299,26,5.2
526.52,26,6.5
475.0733,26,26.0
594.46,26,8.666666666666666
394.50911,26,26.0
005.721,25,12.5
331.3711,25,6.25
600.45,25,4.166666666666667
334.31,25,8.333333333333334
183.222,25,12.5
532,25,12.5
234.178,25,12.5
454.099,25,12.5
340.918,25,4.166666666666667
524.66,25,6.25
737.077,25,25.0
515.79,25,5.0
929.06,25,12.5
610.905,25,12.5
910.01,25,12.5
811.309,25,5.0
471.5,25,25.0
235.34,25,12.5
673.811,25,8.333333333333334
375.143,25,8.333333333333334
572.88,25,4.166666666666667
892.52,25,12.5
811.809,25,3.125
582,25,25.0
005.177,25,25.0
484.5025,25,8.333333333333334
326.32,25,6.25
911.024,25,8.333333333333334
411.23,25,8.333333333333334
413.8027,25,12.5
945,25,8.333333333333334
573.5,25,8.333333333333334
322.81,25,6.25
543.6,25,6.25
519.012,25,25.0
146,25,12.5
984.29402,25,25.0
594.76,25,25.0
516.4,25,8.333333333333334
691.65,25,12.5
680.1,25,5.0
388.12,25,12.5
569.803,25,25.0
420.134,25,25.0
512.13,25,6.25
301.7,25,25.0
334.13,25,3.5714285714285716
004.8,25,12.5
329.01,25,8.333333333333334
575.7077,25,25.0
219.203,25,25.0
223.8,25,6.25
514.71,25,12.5
004.2212,25,12.5
802.52 ,25,25.0
803.4,25,25.0
338.48,24,12.0
998.558,24,24.0
337.0912,24,12.0
609.29,24,24.0
680.92,24,24.0
211.11,24,6.0
519.346,24,12.0
519.232,24,8.0
915.05,24,12.0
004.7603,24,12.0
026.6,24,8.0
233.1088325,24,12.0
984.2,24,24.0
912.34,24,12.0
472.5262,24,24.0
744.7,24,24.0
617.80911,24,8.0
813.6109,24,2.1818181818181817
980.9,24,6.0
459.5,24,24.0
470.9,24,12.0
456,24,12.0
398.4,24,24.0
513.687,24,24.0
234.17,24,6.0
454.9,24,12.0
350.733,24,12.0
010.1,24,6.0
654.1,24,8.0
309.1194,24,24.0
012.904,24,24.0
981.6502,24,12.0
365.566,24,12.0
155.099,24,24.0
293.3,24,12.0
074.2,24,12.0
519.88,24,8.0
594.58,24,6.0
657.10911,24,6.0
573.49,24,8.0
238.209,24,24.0
513.993,24,24.0
513.99425,24,24.0
160.3,24,12.0
570.077,24,24.0
984.8102,24,12.0
219.191,24,12.0
998.42,24,24.0
559.31,24,12.0
412.81,23,23.0
554.4,23,11.5
516.3,23,23.0
924.8,23,11.5
320.03,23,23.0
004.735,23,3.8333333333333335
518.1,23,7.666666666666667
747C,23,23.0
546.077,23,11.5
413.846,23,11.5
674,23,5.75
551.2,23,11.5
345.03,23,7.666666666666667
543.7,23,11.5
747.503,23,23.0
745.5,23,11.5
802.29,23,23.0
525.735,23,23.0
060.1,23,7.666666666666667
443.4,23,23.0
688.15099,23,7.666666666666667
911.8295,23,2.5555555555555554
323.56,23,11.5
324.09,23,11.5
231.43,23,7.666666666666667
981.1829,23,23.0
204.15,23,11.5
202,23,3.8333333333333335
100.8,23,23.0
004.03,23,11.5
219.19,23,23.0
"808,9",23,11.5
340.9111,23,3.2857142857142856
839.83,23,0.3898305084745763
326.335,23,23.0
695.2,23,7.666666666666667
528.91,23,7.666666666666667
982.996,23,23.0
364.6,23,3.8333333333333335
512.426,23,11.5
710.1,23,4.6
200.99,23,11.5
579.5,23,23.0
826.7,23,5.75
233.492,23,23.0
513.762,23,11.5
182.69237,23,23.0
513.042,23,4.6
617.82,23,23.0
381.750911,23,3.2857142857142856
116.1,23,11.5
598.3,23,7.666666666666667
739.4,23,2.5555555555555554
323.6,23,4.6
491.52,23,11.5
432.1,23,23.0
911.037,22,11.0
143.5,22,2.4444444444444446
673.5099,22,7.333333333333333
391,22,11.0
239.2,22,22.0
420.07,22,22.0
929.9,22,11.0
549.864,22,5.5
160.211,22,22.0
519.385,22,3.142857142857143
911.0022,22,22.0
413.3,22,22.0
344.911,22,3.142857142857143
370.08,22,11.0
470.2,22,4.4
981.21202,22,7.333333333333333
160.22,22,5.5
233.75,22,11.0
364.53,22,7.333333333333333
004.07,22,4.4
577.61,22,22.0
575,22,22.0
575.7076,22,22.0
530.96,22,7.333333333333333
233.73,22,3.6666666666666665
234.824,22,22.0
513.6,22,5.5
653.205,22,7.333333333333333
194.1,22,22.0
988.98,22,22.0
512.128,22,22.0
943,22,5.5
691.42,22,22.0
540.16,22,5.5
514.981,22,22.0
685.1099,22,11.0
327.98110141,22,7.333333333333333
323.018,22,22.0
321.58,22,4.4
916.3,22,22.0
539.7023,22,5.5
321.533,22,11.0
981.58,22,22.0
350.79,22,11.0
990.91,22,22.0
498.72,22,7.333333333333333
510.77,22,7.333333333333333
340.929,22,2.0
335.9,22,3.6666666666666665
414.9,22,22.0
321.33,22,5.5
321.544,22,5.5
515.124,22,22.0
375.104,22,22.0
911.991,22,22.0
327.865,22,22.0
657.1099,22,7.333333333333333
235.73,22,5.5
235.734,22,11.0
325.57,22,7.333333333333333
325.41,22,5.5
180.011,22,22.0
028.7,22,22.0
374.3,22,3.6666666666666665
540.076,22,22.0
415.83,21,10.5
225,21,10.5
144,21,7.0
349.01,21,10.5
517.521,21,10.5
911.0094,21,7.0
555.73,21,21.0
516.2,21,10.5
517.3 ,21,21.0
594.5241,21,10.5
309.1111,21,3.0
309.311,21,21.0
329.92,21,7.0
210.3,21,10.5
491.1,21,7.0
165.2,21,21.0
238.5,21,3.5
883.09,21,21.0
519.344,21,21.0
431.24,21,21.0
812.609,21,4.2
942.07,21,7.0
349.96,21,4.2
993.8,21,21.0
388.115,21,5.25
136.1,21,4.2
350.123,21,10.5
495.174,21,21.0
746 ,21,21.0
332.204,21,7.0
610.912,21,7.0
731,21,7.0
237.39,21,10.5
512.16,21,5.25
070.45,21,5.25
657.10942,21,21.0
359.11,21,4.2
360.34,21,21.0
981.6602,21,21.0
514.98,21,10.5
870.9,21,3.5
631.211,21,5.25
379.104,21,3.5
321.6077,21,10.5
325.743,21,10.5
443.19,21,10.5
691.3,21,21.0
525.04,21,7.0
653.12,21,3.0
023.204,21,5.25
235.3099,21,21.0
472.52641,21,7.0
653.28,21,7.0
233.07,21,3.5
366.1,21,10.5
454.05,21,5.25
325.77077,21,21.0
528.1,21,3.5
192.3,21,21.0
532.077,21,21.0
648,21,21.0
233.791,21,7.0
183.645,21,10.5
512.27,21,10.5
191.7,21,10.5
453.909,21,21.0
326.10912,21,10.5
528.8,21,5.25
336.42,21,5.25
558.92,21,7.0
530.24,21,7.0
808.6,21,10.5
984.29202,21,7.0
559.6782,21,21.0
340.13,21,3.0
558.323,21,21.0
998.44,20,10.0
004.08,20,20.0
998.67,20,20.0
370.9231,20,20.0
233.9,20,10.0
326.12,20,10.0
458.8,20,10.0
026.04,20,20.0
695.7015,20,20.0
338.17,20,2.0
338.604,20,10.0
573.93077,20,20.0
512.5157,20,6.666666666666667
698.2,20,10.0
233.109,20,5.0
374.32,20,10.0
235.732,20,10.0
233.1099,20,6.666666666666667
233.23,20,6.666666666666667
568.74,20,20.0
362.11077,20,10.0
913.49,20,10.0
570.2,20,20.0
513.928,20,5.0
018.3,20,10.0
586.79,20,20.0
525.9091,20,20.0
570.311,20,10.0
474.3224,20,20.0
832.6,20,5.0
513.7,20,6.666666666666667
325.904,20,20.0
710.109,20,2.857142857142857
364.15,20,10.0
325.909,20,10.0
327.89,20,20.0
985.802,20,10.0
326.144,20,10.0
365.23,20,2.5
577.3,20,10.0
692.07,20,4.0
701.5,20,1.6666666666666667
189.72,20,5.0
211.18,20,3.3333333333333335
678.51,20,20.0
766,20,20.0
388.113,20,6.666666666666667
662.48,20,20.0
420.9,20,5.0
215.84,20,2.5
349.076,20,10.0
349.13,20,3.3333333333333335
731.1,20,3.3333333333333335
005.754,20,6.666666666666667
564.3,20,20.0
911.063099,20,2.5
515.104,20,10.0
553.803,20,20.0
515.169,20,10.0
334.307,20,10.0
924.07,20,4.0
004.71,20,10.0
517.15,20,20.0
410.034,20,20.0
594.4,20,20.0
673.099,20,20.0
673.192,20,20.0
594.369,20,10.0
303,20,5.0
496.64,20,20.0
594.17,20,20.0
496.6,20,10.0
511.117,20,10.0
559.9323,20,20.0
342.135,20,3.3333333333333335
727.5077,20,20.0
721,20,10.0
379.18,20,6.666666666666667
381.309,20,10.0
592.1,20,20.0
739.35,20,20.0
491.564,20,6.666666666666667
621.381,20,20.0
539.824,20,20.0
568.7,20,6.666666666666667
361.259,20,10.0
328.441,20,20.0
592.009,20,10.0
010.911,20,10.0
739.45,20,10.0
592.307,20,20.0
325.152,20,4.0
436.3,20,20.0
231.16,20,4.0
634.7,19,3.8
692 ,19,19.0
914.2,19,9.5
588,19,9.5
584.91,19,9.5
183.632,19,9.5
913.037,19,6.333333333333333
653.23,19,19.0
448.78,19,19.0
595.09,19,19.0
581.52077,19,19.0
325.71,19,9.5
020.13077,19,6.333333333333333
553.332,19,6.333333333333333
155.8,19,9.5
498.05,19,2.375
759.7,19,4.75
346.12,19,4.75
594.09,19,9.5
981.328,19,19.0
301.29,19,4.75
241,19,19.0
540.099,19,9.5
430.04,19,19.0
379.073,19,19.0
515.44,19,6.333333333333333
136.5,19,9.5
350.14,19,9.5
813.6209,19,3.1666666666666665
574.756,19,19.0
372.4,19,3.1666666666666665
512.421,19,9.5
491.529,19,3.8
679.896,19,9.5
162.45,19,19.0
331.26,19,19.0
521.5,19,19.0
511.191,19,19.0
490.25,19,4.75
376.9,19,3.8
431.495,19,6.333333333333333
539.915,19,2.375
013.019,19,6.333333333333333
911.85,19,4.75
591.021,19,19.0
638.09,19,19.0
368.13077,19,19.0
559.315119,19,19.0
338.2,19,3.1666666666666665
326.3409,19,9.5
338.52,19,9.5
533.077,19,19.0
233.794,19,9.5
340.245099,19,2.7142857142857144
337.091,19,19.0
556.4,19,19.0
499.72,18,9.0
499.743,18,2.5714285714285716
574.5,18,6.0
927.07,18,18.0
998.68,18,18.0
698.98,18,6.0
513.19,18,9.0
026.092,18,6.0
695.604,18,18.0
326.341,18,6.0
559.19,18,6.0
338.092,18,18.0
810.829,18,4.5
233.787,18,9.0
027.2,18,9.0
028.63,18,6.0
326.1098,18,18.0
187.42,18,6.0
191.4,18,9.0
233.3,18,4.5
233.39,18,6.0
476.01099,18,18.0
022,18,9.0
820.907,18,3.6
362.1101,18,9.0
236.46,18,3.0
233.101,18,9.0
"375,1",18,9.0
981.024,18,18.0
367.4077,18,9.0
573.109,18,9.0
573.104,18,9.0
367.4017,18,6.0
453.91,18,6.0
454.02,18,18.0
597.27,18,9.0
366.0077,18,18.0
328.52,18,3.0
329.3,18,9.0
687.099,18,9.0
377.68,18,9.0
658.01,18,18.0
231.09194,18,18.0
988.57,18,18.0
591.95,18,6.0
321.56,18,9.0
981.69502,18,4.5
680.911,18,1.2857142857142858
380.311,18,18.0
331.0911,18,9.0
112.1,18,6.0
112.6,18,18.0
198,18,9.0
543.4,18,18.0
566.09,18,18.0
270.8,18,18.0
540.01,18,3.0
731.23,18,18.0
430.09,18,6.0
121,18,4.5
383.7,18,9.0
138.2,18,9.0
676.94,18,6.0
519.35,18,3.6
388.13,18,18.0
921.04,18,18.0
219.128,18,18.0
160.4,18,2.25
332.27,18,9.0
559.9077,18,18.0
673.8,18,18.0
148.304,18,9.0
419.2,18,9.0
892.9602,18,18.0
892.8309,18,4.5
811.4,18,9.0
392.47,18,18.0
555.23,18,18.0
301.8,18,9.0
516.9254,18,18.0
334.73,18,18.0
004.7,18,4.5
601.5,18,4.5
673.509,18,9.0
153.5,18,1.8
925.075,17,5.666666666666667
640.912,17,8.5
513.3564,17,17.0
839.8,17,8.5
641.6,17,3.4
594.509,17,8.5
309.1491,17,8.5
981.2202,17,17.0
151.099,17,17.0
151.51,17,4.25
575.7,17,5.666666666666667
797.4,17,8.5
573.63,17,17.0
697.8,17,17.0
512.453,17,17.0
986.3,17,17.0
580.427,17,17.0
513.8099,17,5.666666666666667
560.99,17,5.666666666666667
219.184,17,8.5
300.11,17,17.0
364.56,17,5.666666666666667
420.148,17,17.0
394.2,17,17.0
609.26,17,17.0
673.622,17,17.0
453.25,17,17.0
327.0911,17,5.666666666666667
475.11,17,17.0
028.5,17,8.5
609.263,17,17.0
511.12,17,8.5
515.14,17,4.25
985.029,17,17.0
527.418604,17,5.666666666666667
345.11,17,3.4
321.32034,17,17.0
812.5,17,5.666666666666667
331.52,17,5.666666666666667
238.482099,17,17.0
164.12,17,8.5
321.55005,17,17.0
360.913,17,17.0
566.099,17,17.0
981.63,17,17.0
513.852504,17,8.5
592.301,17,17.0
592.304,17,8.5
431.12,17,5.666666666666667
679.85,17,8.5
321.549099,17,8.5
005.23,17,17.0
568.88,17,8.5
549,17,3.4
181.25,17,8.5
374.59,17,17.0
332.630942,17,17.0
321.523,17,17.0
388.112,17,2.4285714285714284
233.03,17,8.5
914.7,17,8.5
029.25,17,17.0
340.210911,17,17.0
338.09234,17,17.0
379.01,17,17.0
004.571,17,17.0
514.35,17,17.0
912.009,17,17.0
522.1,17,1.5454545454545454
688.0926,17,4.25
559.412,17,4.25
559.409,17,5.666666666666667
559.345,17,17.0
512.832,17,17.0
811.07,17,8.5
811.099,17,17.0
322.42,17,5.666666666666667
350.55,17,5.666666666666667
620.99,17,3.4
521.87,17,8.5
069.04,17,8.5
070.431,17,4.25
322.8311,17,2.8333333333333335
011.404,17,17.0
853.099,17,5.666666666666667
982.45702,17,17.0
600.27,17,3.4
545.7,17,5.666666666666667
881.04,17,17.0
219.08,17,17.0
226,17,8.5
511.167,17,8.5
220.915,17,8.5
608.8,17,17.0
350.2104,17,17.0
228,17,17.0
325.222,17,17.0
982.6802,17,8.5
631.21105,17,8.5
324.53,17,17.0
236.3,17,8.5
443.07,17,8.5
685.09,17,4.25
233.495,16,5.333333333333333
388.211,16,4.0
320.9147,16,16.0
570.3,16,8.0
701.805,16,8.0
420.163,16,16.0
371.9,16,2.2857142857142856
410.34,16,8.0
026.5,16,2.6666666666666665
414.7,16,16.0
981.26,16,16.0
639.509268,16,16.0
641,16,8.0
649.04,16,8.0
233.696,16,8.0
596,16,16.0
020.73,16,4.0
512.9,16,8.0
516.9381,16,8.0
892.991,16,8.0
397.09,16,16.0
409.18,16,16.0
574.75304,16,16.0
609.28,16,8.0
344.2,16,5.333333333333333
165.099,16,8.0
238.4,16,4.0
568.1,16,4.0
590.5,16,16.0
"747,5",16,16.0
328.43,16,8.0
547.82,16,16.0
427.455,16,4.0
519.3813,16,8.0
119.9,16,8.0
548.1,16,16.0
711.407,16,8.0
181.52,16,16.0
581.923,16,16.0
332.6099,16,16.0
600.6,16,8.0
981.4502,16,8.0
8902,16,16.0
425.525,16,8.0
005.099,16,8.0
982.86302,16,8.0
332.2204,16,16.0
374.029,16,16.0
373.04,16,8.0
942.073099,16,16.0
511.496,16,16.0
193.81,16,5.333333333333333
511.492,16,16.0
659.099,16,16.0
388.08,16,5.333333333333333
982.9902,16,16.0
569.83,16,16.0
442.1,16,16.0
718.0203,16,8.0
539.94077,16,16.0
920.45,16,16.0
523.6,16,16.0
591.12,16,4.0
623,16,5.333333333333333
489.75,16,16.0
325.51,16,5.333333333333333
354.2,16,16.0
942.004,16,16.0
684.07,16,8.0
331.3725,16,8.0
566.57,16,8.0
592.09,16,8.0
011,16,8.0
740.04,16,16.0
350.19,16,16.0
813.62099,16,16.0
612.2,16,3.2
495.2025,16,16.0
005.563,16,16.0
499.9,16,5.333333333333333
436,16,16.0
800.99,16,5.333333333333333
326.379,16,8.0
517.373,16,5.333333333333333
004.4,16,8.0
558.95,16,8.0
556.772,16,8.0
220.9,15,7.5
559.3455,15,7.5
004.612,15,7.5
282,15,15.0
863.6,15,15.0
381.30913,15,15.0
984.302,15,7.5
559.3141,15,15.0
521,15,5.0
513.977,15,15.0
069.068,15,7.5
322.8342,15,15.0
540.0924,15,3.75
540.0926,15,15.0
540.13,15,7.5
687.731,15,5.0
592.018,15,15.0
005.6,15,15.0
005.76077,15,15.0
685.099,15,2.142857142857143
523.24,15,15.0
658.018,15,15.0
511.47,15,7.5
325.451,15,15.0
164.59099,15,7.5
590.8,15,15.0
375.2268,15,7.5
279,15,7.5
070.04,15,7.5
620.9,15,5.0
689.099,15,15.0
917,15,3.75
911.94,15,5.0
476.13,15,15.0
476.099,15,5.0
346.01,15,7.5
332.29,15,5.0
821.2,15,3.75
362.1122,15,1.6666666666666667
021.3,15,7.5
497.94,15,7.5
552.89,15,15.0
923.7,15,7.5
451.9,15,15.0
364.215,15,3.75
512.3,15,3.75
570.323,15,15.0
585,15,15.0
525.933,15,15.0
713.1,15,7.5
981.1402,15,5.0
005.26077,15,15.0
923.1,15,7.5
678.73,15,7.5
658.2099,15,7.5
519.14,15,7.5
594.52445,15,15.0
987.9,15,5.0
565.11,15,5.0
525.67,15,5.0
174,15,3.0
816.61,15,2.5
547.1,15,15.0
012.91,15,5.0
525.36,15,15.0
911.0728,15,5.0
981.75,15,15.0
785,15,5.0
698.25,15,15.0
792.8077,15,7.5
388.32,15,15.0
909.025,15,15.0
594.453,15,15.0
532.4077,15,15.0
698.27,15,15.0
"695,404",15,15.0
027.6,15,5.0
368.132,15,7.5
512.604,15,7.5
694.6,15,15.0
693,15,5.0
320.1077,15,15.0
302,15,5.0
390.132,15,3.75
394,15,7.5
512.8385077,15,15.0
326.71,15,3.0
023.4,15,15.0
595.42,15,15.0
474.342,15,15.0
600.9205,15,7.5
692.0911,15,5.0
924.05,15,5.0
924.1,15,7.5
776,15,7.5
420.1309,15,7.5
577.1,15,15.0
536.2,15,3.0
701.2,15,3.0
388.20911,15,15.0
559.34475,14,14.0
607.3,14,7.0
813.9,14,14.0
321.831,14,14.0
610.942,14,4.666666666666667
942.05,14,7.0
329.432077,14,14.0
522.86,14,14.0
524.63,14,4.666666666666667
435.61,14,14.0
982.4102,14,4.666666666666667
544.1,14,3.5
942.04,14,7.0
511.212,14,7.0
911.89,14,3.5
521.49,14,14.0
912.0094,14,14.0
911.16,14,14.0
670.925,14,7.0
558.331,14,14.0
004.36,14,14.0
367.416,14,4.666666666666667
558.68,14,14.0
559.41,14,4.666666666666667
739.73,14,4.666666666666667
331.3701,14,2.8
540.22,14,4.666666666666667
228.74,14,4.666666666666667
989.11 ,14,14.0
521.795,14,14.0
607.7,14,14.0
235.733,14,7.0
814.61,14,4.666666666666667
511.461,14,7.0
586.221,14,7.0
527.57,14,7.0
364.244,14,4.666666666666667
586.209,14,7.0
526.342,14,14.0
661.62,14,14.0
562.11,14,14.0
594.536,14,7.0
233.108,14,7.0
549.77,14,14.0
344.04,14,2.3333333333333335
233.021,14,14.0
235.824,14,4.666666666666667
812.7,14,3.5
593.09,14,14.0
589,14,7.0
565.12,14,7.0
988.56,14,4.666666666666667
253,14,7.0
567.83,14,7.0
525.904,14,4.666666666666667
512.21,14,14.0
331.50962,14,14.0
227.53,14,7.0
519.38,14,7.0
982.889,14,7.0
235.6511,14,14.0
981.104,14,14.0
770.4,14,14.0
553,14,7.0
414.15,14,14.0
152.33,14,7.0
407.9,14,14.0
325.95076,14,14.0
912.053,14,14.0
365.482,14,7.0
326.7604,14,14.0
912.066,14,14.0
372.94,14,2.8
823.4,14,2.3333333333333335
701.02,14,1.5555555555555556
512.45,14,14.0
830.8,14,14.0
371.3104,14,14.0
334.7,14,7.0
414.58,14,14.0
411.1,14,14.0
152.57,14,4.666666666666667
530.0911,14,4.666666666666667
513.162,14,14.0
553.24,14,14.0
698.099,14,14.0
513.336,14,14.0
309.1863,14,14.0
309.211,14,7.0
516.37,14,14.0
403.4,14,14.0
574.71,14,7.0
640.4,14,14.0
190.4,14,7.0
512.8077,14,14.0
004.507,13,13.0
558.346,13,13.0
998.84,13,13.0
004.04,13,13.0
558.3253,13,13.0
336.5,13,13.0
594.392,13,6.5
391.31,13,13.0
150.08,13,13.0
594.27,13,13.0
517.4,13,2.6
981.21302,13,13.0
552.97076,13,13.0
553.077,13,13.0
026.309,13,13.0
695.409,13,6.5
530.07,13,6.5
980.99,13,2.1666666666666665
530.9807,13,13.0
334.6 ,13,13.0
926.03,13,6.5
559.7732,13,13.0
675.2,13,13.0
675.21,13,4.333333333333333
609.91,13,13.0
552.023,13,6.5
321.326,13,6.5
135.1,13,13.0
024.35,13,13.0
574.01,13,6.5
528.3,13,6.5
516.45,13,6.5
550.4,13,6.5
331.554,13,13.0
334.10913,13,13.0
213.98,13,13.0
677.92,13,6.5
160.5,13,13.0
600.905,13,6.5
219.13,13,4.333333333333333
331.50942,13,4.333333333333333
513.82,13,13.0
365.8,13,2.6
024.34,13,13.0
326.176,13,13.0
233.93,13,13.0
678.53,13,13.0
386.512,13,0.8125
321.545,13,4.333333333333333
519.361,13,13.0
547.8,13,13.0
384.3,13,6.5
431.18,13,13.0
981.198,13,13.0
911.065099,13,13.0
513.98,13,13.0
380.913,13,13.0
539.11,13,4.333333333333333
233.08839,13,13.0
372.69,13,13.0
371.01,13,6.5
372.1,13,4.333333333333333
238.25,13,4.333333333333333
657.2,13,13.0
442,13,13.0
323.755,13,4.333333333333333
566.82,13,13.0
330.912,13,4.333333333333333
351.1,13,3.25
540.027,13,6.5
330.1,13,6.5
325.3077,13,13.0
370.92,13,13.0
527.6481,13,6.5
843.409,13,6.5
581.36,13,4.333333333333333
448.3,13,6.5
653.234,13,13.0
653.2604,13,13.0
653.3,13,13.0
375.4911,13,6.5
688.609,13,6.5
324.13,13,13.0
376.5441,13,13.0
511.483,13,13.0
691.1504,13,6.5
722,13,13.0
723.04,13,13.0
714.9,13,6.5
718.02,13,4.333333333333333
539.9099,13,6.5
567.81,13,13.0
181.43,13,13.0
235.753,13,13.0
182.6,13,4.333333333333333
325.661,13,13.0
525.7025,13,13.0
374.7,13,4.333333333333333
589.71,13,4.333333333333333
181.18,13,13.0
912.033099,13,13.0
329.077,13,13.0
362.023,13,13.0
598.13,13,13.0
586.733,13,13.0
559.31516,13,6.5
558.954,13,13.0
517.04,13,4.333333333333333
517.073,13,4.333333333333333
153,13,1.8571428571428572
673.194,13,13.0
152.5,13,13.0
025.6,13,2.6
340.924,13,1.4444444444444444
926.075,13,6.5
509.12,13,2.6
606.923,13,6.5
338.09231,13,6.5
809.07,12,2.0
558.33352,12,12.0
160.221,12,12.0
927.05,12,12.0
340.91,12,1.7142857142857142
558.3309,12,12.0
340.926,12,6.0
911.0028,12,6.0
374.5399,12,4.0
004.33,12,12.0
220.9145,12,12.0
517.077,12,12.0
329.142,12,3.0
512.12,12,6.0
511.9,12,12.0
361.023,12,6.0
204.24,12,4.0
329.14,12,6.0
568.4077,12,12.0
569.21,12,12.0
569.274,12,6.0
363.7,12,12.0
361.75,12,6.0
361.81,12,6.0
821.7,12,6.0
481.13342,12,12.0
170.77,12,12.0
568.18,12,12.0
568.2,12,3.0
442.2,12,12.0
371.32,12,6.0
238.21,12,6.0
570.3115,12,12.0
535.72,12,12.0
522.31,12,6.0
540.09204,12,12.0
441,12,12.0
511.8099,12,12.0
231.021,12,12.0
070.99,12,2.0
351.11,12,6.0
520.911,12,1.5
629.2,12,4.0
230.2,12,12.0
372.43,12,6.0
360.54,12,12.0
360.27,12,12.0
359.072,12,1.5
375.133,12,6.0
718.8,12,6.0
715.7,12,2.4
539.919,12,4.0
337.0924,12,4.0
991.91,12,12.0
418.7,12,12.0
370.10927,12,6.0
326.3,12,3.0
457.01724,12,12.0
472.8,12,6.0
471.3,12,6.0
472.0733,12,12.0
911.036,12,2.0
600.926,12,12.0
551.151077,12,12.0
394.51,12,12.0
552.1,12,12.0
390.912,12,12.0
811.61099,12,3.0
321.32077,12,12.0
556.2033,12,12.0
530.26,12,12.0
517.893,12,12.0
556.202,12,4.0
151.3,12,6.0
999.81,12,1.7142857142857142
574.092,12,12.0
530.071,12,6.0
472.19396,12,6.0
530.911,12,1.0909090909090908
639.8,12,12.0
472.1935,12,12.0
510.75,12,4.0
004.613,12,12.0
498.87,12,3.0
926.068,12,6.0
381.750912,12,3.0
387,12,6.0
529.69,12,2.4
370.942,12,3.0
529.6,12,3.0
370.941,12,12.0
473.8,12,12.0
534.04,12,2.0
519.3531,12,12.0
833.2,12,4.0
573.45,12,6.0
513.8131,12,3.0
931.102,12,4.0
519.019,12,12.0
677.29099,12,12.0
225.1,12,12.0
677.2,12,6.0
160.099,12,12.0
350.034,12,12.0
541.5,12,12.0
349.42029,12,6.0
349.2,12,4.0
519.314,12,12.0
658.099,12,6.0
349.18,12,6.0
563.99,12,4.0
981.59902,12,4.0
321.5709,12,4.0
513.989,12,12.0
433.5,12,12.0
813.708,12,12.0
491.9911,12,1.2
685.504,11,5.5
981.181,11,5.5
200.8,11,5.5
539.04,11,11.0
539.15,11,1.8333333333333333
512.42 ,11,11.0
476.104,11,11.0
535.879,11,5.5
365.3,11,5.5
822.6,11,5.5
236.942,11,11.0
918.61,11,11.0
813.602,11,11.0
813.603,11,2.2
323.54,11,11.0
521.9,11,5.5
919.5,11,11.0
591.92,11,11.0
523.65,11,11.0
069.09187,11,11.0
376.4,11,11.0
484,11,5.5
813.809,11,2.75
230.81,11,1.5714285714285714
451.136,11,5.5
481.95,11,11.0
527.2,11,5.5
654.232,11,3.6666666666666665
525.91,11,3.6666666666666665
325.752,11,11.0
982.5802,11,11.0
511.843,11,11.0
375.164,11,5.5
374.65,11,5.5
375.13,11,11.0
325.452,11,11.0
375.2261,11,11.0
375.146,11,11.0
236.41,11,3.6666666666666665
359.1155,11,5.5
814.4,11,11.0
221.3,11,11.0
559.4077,11,11.0
926.07,11,3.6666666666666665
336.6,11,11.0
326.26099,11,11.0
911.0099,11,11.0
309.1187,11,5.5
569.3103,11,11.0
329.4009,11,11.0
511.899,11,5.5
511.497,11,3.6666666666666665
987,11,5.5
714.5,11,3.6666666666666665
169.3,11,2.75
181.28,11,11.0
231.77,11,5.5
513.753,11,5.5
363.78,11,5.5
820.902,11,0.7857142857142857
711.403,11,11.0
181.23,11,11.0
235.827,11,11.0
843.7,11,11.0
604.5,11,11.0
511.16,11,2.2
142.2,11,2.75
563.75,11,11.0
005.276,11,11.0
005.212,11,2.75
421.01,11,11.0
594.55,11,11.0
658.508,11,2.2
005.116,11,5.5
513.53,11,11.0
428,11,5.5
679.312,11,1.8333333333333333
912.3,11,11.0
813.7082,11,11.0
350.5,11,1.8333333333333333
005.45,11,11.0
542.85,11,11.0
918.3,11,11.0
942.071,11,11.0
911.4,11,11.0
112.5,11,3.6666666666666665
685.07,11,11.0
684.092,11,11.0
982.3702,11,11.0
592.03077,11,11.0
331.3742011,11,11.0
331.3723011,11,11.0
250.04,11,5.5
243.65,11,5.5
383.34,11,1.8333333333333333
164.55,11,5.5
992.2,11,11.0
559.9092,11,11.0
675.209,11,11.0
294.3,11,11.0
389.094,11,11.0
457.017,11,11.0
892.6,11,2.2
511.106,11,11.0
326.2099,11,11.0
326.309,11,3.6666666666666665
516.545,11,5.5
320.929,11,3.6666666666666665
513.168,11,11.0
574.0077,11,11.0
532.44,11,5.5
458.7,11,2.75
342.1023,11,11.0
833.7,11,11.0
696.1099,11,11.0
510.7332,11,11.0
498.69,11,11.0
498.7,11,11.0
223.86,11,5.5
695.204,11,11.0
517.92077,11,11.0
594.366,11,11.0
530.41,11,5.5
594.18,11,11.0
517.647,11,5.5
925.71,11,5.5
998.71,11,11.0
558.344,11,11.0
024.316,10,10.0
688.5,10,10.0
689.04,10,10.0
374.911,10,1.6666666666666667
485.15,10,10.0
983.33,10,10.0
026.304,10,10.0
027.0911,10,10.0
559.7043,10,10.0
023.3,10,5.0
720.9,10,5.0
594.561,10,10.0
331.30911,10,10.0
811.708,10,5.0
816.3,10,10.0
516.938521,10,10.0
327.83027,10,10.0
331.03,10,10.0
151.52,10,1.0
549.32,10,3.3333333333333335
982.2402,10,10.0
982.42,10,10.0
070.19,10,10.0
553.6,10,10.0
560.733,10,10.0
516.04,10,5.0
515.11,10,10.0
823.709,10,2.5
327.01,10,10.0
833.4,10,10.0
329.1,10,3.3333333333333335
328.442,10,3.3333333333333335
594.24,10,3.3333333333333335
686.16,10,5.0
687.1,10,5.0
376.44,10,10.0
481.53,10,10.0
513.89804,10,10.0
513.9,10,10.0
331.7,10,10.0
711.27,10,2.0
714.03,10,3.3333333333333335
562.23,10,10.0
981.6902,10,10.0
981.8302,10,5.0
112.2,10,10.0
112.70926,10,10.0
812.64,10,3.3333333333333335
332.9541,10,10.0
594.91,10,10.0
164.22,10,5.0
981.2,10,1.6666666666666667
566.165,10,10.0
724.5,10,5.0
730.1,10,10.0
519.3356,10,10.0
324.8,10,3.3333333333333335
325.0,10,10.0
326.204,10,5.0
519.132,10,10.0
478.1,10,5.0
480.2,10,5.0
326.1409,10,10.0
845,10,10.0
694,10,5.0
491.36,10,10.0
631.04,10,10.0
321.344,10,5.0
165.11,10,3.3333333333333335
190.11,10,10.0
543.9934,10,10.0
426.7,10,10.0
548.6,10,3.3333333333333335
520.7,10,3.3333333333333335
519.363,10,10.0
321.382,10,5.0
892,10,5.0
522.3,10,5.0
309.912,10,10.0
679.326,10,5.0
679.59,10,5.0
679.62,10,5.0
684.7,10,3.3333333333333335
337.0918,10,10.0
337.3,10,3.3333333333333335
337.37,10,10.0
809.4,10,10.0
810.9061,10,0.9090909090909091
513.817,10,10.0
596.89,10,10.0
610.928,10,10.0
495.5,10,10.0
495.9025,10,5.0
495.98,10,10.0
981.14,10,5.0
169.9,10,10.0
170.73,10,5.0
525.909,10,10.0
909.03,10,3.3333333333333335
450.91199,10,10.0
942.06,10,5.0
942.07099,10,10.0
539.9811,10,0.9090909090909091
349.8,10,5.0
365.71,10,3.3333333333333335
892.953,10,10.0
892.97,10,10.0
525.921,10,10.0
650.408,10,5.0
456.6,10,10.0
338.17099,10,10.0
337.804,10,10.0
511.55,10,10.0
285.83,10,10.0
309.12996,10,5.0
223.586,10,10.0
413.027,10,10.0
412.815,10,10.0
238.481,10,5.0
578.7,10,10.0
579.1,10,10.0
309.1148,10,5.0
307.324,10,3.3333333333333335
365.77077,10,10.0
511.211,10,10.0
912.068,10,2.5
238.2584,10,5.0
391.42,10,10.0
389.8,10,3.3333333333333335
511.176,10,10.0
349.12011,10,10.0
536.58,10,10.0
349.004,10,3.3333333333333335
929.98,10,10.0
934.982,10,5.0
209.13,10,10.0
531.15,10,3.3333333333333335
228.78,10,5.0
539.01,10,5.0
570.34,10,10.0
232.82,10,2.5
914.5,10,10.0
569.41,10,10.0
671.65,10,5.0
653.099,10,10.0
011.204,10,3.3333333333333335
362.26,10,10.0
999.11,10,5.0
558.301,10,10.0
004.2213,10,5.0
658.09,10,10.0
813.75,10,5.0
429.22167,10,5.0
559.31519,10,10.0
659,10,5.0
435.03,10,5.0
004.75 ,9,9.0
021.21,9,1.8
021.49,9,4.5
658.204,9,9.0
556.79,9,9.0
427.52636,9,9.0
439.758,9,9.0
554.077,9,9.0
024.9,9,9.0
025.9,9,9.0
071.1,9,1.5
334.111,9,9.0
818.7,9,9.0
331.37,9,1.8
922.02099,9,9.0
232.4,9,9.0
569.7,9,9.0
536.8,9,9.0
671.64099,9,9.0
409.1,9,9.0
453.113,9,9.0
451.3,9,9.0
917.2,9,9.0
600.9263,9,4.5
349.009,9,9.0
350.304,9,9.0
349.420191,9,9.0
511.1 ,9,9.0
938,9,4.5
225.8,9,4.5
153.3,9,9.0
982.5602,9,4.5
113.3,9,9.0
552.52,9,9.0
327.073,9,9.0
594.39,9,3.0
517.07,9,4.5
326.78,9,4.5
328.46,9,1.8
481.6,9,9.0
351.1219,9,3.0
502.911,9,9.0
350.70911,9,4.5
714.07,9,9.0
340.95,9,3.0
341.001,9,9.0
511.16504,9,9.0
600.912,9,4.5
231.45,9,9.0
231.93,9,3.0
230.26,9,9.0
233.44,9,4.5
912.12,9,9.0
511.134,9,4.5
718.03,9,3.0
113.6,9,9.0
981.8,9,4.5
810.99,9,4.5
811.109,9,2.25
326.165077,9,1.125
833.605,9,9.0
326.463,9,9.0
530.251,9,9.0
234.803,9,9.0
530.961,9,9.0
233.08851,9,9.0
394.1,9,4.5
676.204,9,2.25
390.133,9,4.5
342.892,9,9.0
326.47,9,2.25
160.31,9,9.0
566.172,9,9.0
356.27,9,9.0
350.99,9,9.0
517.964,9,9.0
517.967,9,9.0
574.8055,9,9.0
244,9,9.0
250.99,9,4.5
911.059099,9,2.25
600.42,9,9.0
792.84,9,9.0
792.95,9,2.25
912.036,9,9.0
518.2,9,9.0
323.82,9,9.0
322.8342012,9,9.0
473.01,9,4.5
325.648,9,4.5
513.821,9,4.5
577.623,9,9.0
340.925,9,1.125
697.1,9,4.5
366.43,9,4.5
491.96,9,9.0
792.67,9,2.25
238.26,9,2.25
371.6,9,9.0
695.09,9,9.0
520.9,9,9.0
519.85,9,2.25
859.72,9,9.0
859.81099,9,9.0
223.85,9,9.0
219.93,9,4.5
193.3,9,9.0
191.9,9,9.0
412.8,9,3.0
449.11,9,4.5
527.04,9,9.0
544.11,9,9.0
981.254,9,9.0
668.3,9,4.5
420.13099,9,9.0
519.766,9,9.0
321.521,9,9.0
523.1,9,4.5
320.94221,9,9.0
321.550704,9,4.5
679.73,9,3.0
679.74,9,9.0
639.5099,9,9.0
471.5099,9,9.0
684.5904,9,4.5
495.204,9,9.0
365.33,9,9.0
981.1022,9,4.5
802.58,9,9.0
512.429,9,9.0
598.1021,9,2.25
340.9191,9,4.5
911.00916,9,9.0
301.0942,9,9.0
911.035,9,4.5
178,9,9.0
513.2004,9,9.0
512.83994,9,9.0
309.213,9,4.5
902.9,9,1.125
567.023,9,9.0
567.2076,9,9.0
567.85,9,3.0
388.125,9,4.5
650.69,9,9.0
489.55,9,9.0
374.37,9,4.5
331.43,9,1.8
331.503,9,9.0
812.78,9,9.0
511.116,9,9.0
556.12,9,4.5
001.07,9,9.0
329.9,9,3.0
364.291,9,9.0
710.704,9,9.0
609.21,8,4.0
711.209,8,8.0
364.81,8,4.0
439.76,8,8.0
005.711,8,8.0
431.49,8,8.0
005.751,8,8.0
005.7333,8,8.0
556.203,8,4.0
600.928,8,8.0
026.81,8,8.0
549.86,8,4.0
514.976,8,8.0
514.477,8,8.0
515.304,8,8.0
331.3711012,8,2.6666666666666665
331.470942,8,8.0
489.732,8,8.0
489.36,8,8.0
020.23,8,8.0
497.6,8,8.0
642,8,8.0
385.12,8,8.0
679.3,8,2.6666666666666665
525.93,8,2.0
365.64,8,8.0
365.48,8,4.0
182.67,8,4.0
540.07,8,8.0
567.435,8,8.0
540.092,8,2.6666666666666665
450.27,8,8.0
320.19,8,8.0
525.66,8,8.0
525.62,8,1.6
320.1099,8,4.0
892.81,8,2.6666666666666665
309.12991,8,8.0
340.10912,8,2.0
340.10911,8,2.0
340.027,8,2.6666666666666665
336.409,8,1.3333333333333333
169.929941,8,4.0
289,8,8.0
291.3,8,4.0
911.023,8,2.6666666666666665
598.141,8,8.0
512.26,8,8.0
798.1,8,8.0
598.10213,8,4.0
309.212,8,8.0
384.7,8,4.0
180.72,8,8.0
364.49,8,8.0
495.65,8,8.0
495.52,8,8.0
513.51,8,4.0
684.09,8,2.6666666666666665
321.553257,8,4.0
321.31,8,8.0
320.953,8,4.0
425.7,8,8.0
661.8,8,8.0
981.234902,8,8.0
981.22902,8,4.0
980.22,8,8.0
189.39,8,8.0
309.11587,8,8.0
909.8,8,8.0
412.824,8,4.0
670.928,8,8.0
962,8,4.0
953,8,4.0
539.7027,8,8.0
925.9,8,8.0
223.5,8,2.6666666666666665
189.27,8,8.0
322.9568,8,8.0
859.7099,8,8.0
321.38,8,4.0
519.86,8,8.0
521.077,8,8.0
368.113,8,4.0
371.0911,8,4.0
692.034,8,8.0
513.8533,8,4.0
237.31,8,8.0
491.93,8,8.0
366.5,8,2.6666666666666665
696.704,8,4.0
307,8,4.0
301.52099,8,2.6666666666666665
527.704,8,8.0
578.71,8,8.0
911.065,8,2.6666666666666665
843.,8,8.0
377.13,8,4.0
472.19227,8,8.0
684.95,8,4.0
519.3826,8,8.0
519.231,8,8.0
519.17,8,8.0
840.81,8,8.0
324.12,8,4.0
859.5,8,8.0
236.86,8,8.0
759.3,8,4.0
600.449,8,4.0
600.3,8,8.0
511.3,8,2.6666666666666665
511.18042,8,8.0
289.09,8,8.0
529,8,2.6666666666666665
519.034,8,8.0
839,8,8.0
725.03,8,8.0
564.7,8,8.0
548.8,8,8.0
126.504,8,8.0
123.2,8,8.0
141,8,8.0
138,8,4.0
676.24,8,4.0
390.9,8,8.0
673.83,8,8.0
392.3,8,4.0
913.08,8,1.6
530.966,8,4.0
235.62,8,4.0
236.01,8,4.0
326.22077,8,8.0
518.635,8,8.0
518.5883,8,8.0
593.242,8,8.0
334.221,8,4.0
334.2409,8,8.0
812,8,2.6666666666666665
361.8,8,2.0
234.1722,8,8.0
231.99,8,4.0
346.24,8,8.0
346.2,8,2.6666666666666665
341.07,8,4.0
777.2,8,8.0
713.3,8,8.0
594.75,8,8.0
375.468,8,8.0
688.0929,8,8.0
633.204,8,8.0
485.12,8,8.0
484.7,8,8.0
688.03,8,8.0
594.01,8,8.0
329.42,8,1.3333333333333333
594.41,8,8.0
326.7099,8,4.0
549.8,8,8.0
552.5,8,8.0
069.0911,8,8.0
549.54,8,8.0
144.3,8,2.6666666666666665
515.746,8,4.0
225.74,8,4.0
920.03,8,8.0
530.75,8,2.0
912.126,8,8.0
940,8,4.0
934,8,8.0
569.2,8,2.6666666666666665
511.072,8,8.0
511.06,8,8.0
350.3104,8,8.0
409.13,8,4.0
406.9,8,4.0
914.69,8,8.0
913.9,8,8.0
227,8,2.0
570.63,8,2.0
331.14,8,4.0
327.85068,8,8.0
517.0732,8,4.0
514.416,8,8.0
514.326,8,8.0
609.06,8,8.0
499.747,8,2.0
984.298,8,8.0
026.09,8,8.0
430.34,8,4.0
020.912,8,8.0
004.62,8,4.0
659.2,8,4.0
435.4,7,7.0
660.48,7,7.0
020.77,7,7.0
985.3,7,7.0
989.1,7,3.5
001.444,7,7.0
003.7,7,3.5
998.81,7,7.0
431.45,7,7.0
990.97,7,7.0
558.3251,7,7.0
559.1077,7,7.0
375.204,7,3.5
691.1503,7,7.0
374.684,7,7.0
373.077,7,7.0
331.3725011,7,3.5
514.75,7,7.0
331.232,7,3.5
334.10924,7,7.0
821.709,7,7.0
327.68,7,7.0
331.09,7,7.0
594.51989,7,7.0
327.249,7,7.0
327.0928,7,7.0
517.333,7,7.0
326.31073,7,7.0
376.636,7,2.3333333333333335
688.19,7,7.0
513.99444,7,7.0
513.89904,7,7.0
335.25,7,3.5
811.409,7,3.5
593.504,7,7.0
326.1804,7,7.0
326.345,7,7.0
325.27,7,2.3333333333333335
325.0912,7,7.0
323.63,7,7.0
326.332,7,3.5
519.099,7,3.5
519.3923,7,3.5
379.33,7,7.0
638.0926,7,7.0
325.70911,7,7.0
595.404,7,7.0
370.923,7,7.0
368.59,7,7.0
367.5077,7,7.0
620.1,7,7.0
338.06,7,3.5
520.91,7,3.5
322.04,7,3.5
519.62,7,7.0
889,7,3.5
524.45,7,2.3333333333333335
523.2,7,1.1666666666666667
591.904,7,7.0
321.63,7,3.5
321.55323257,7,7.0
381.39,7,2.3333333333333335
682.11,7,1.75
380.912,7,7.0
472.1925,7,7.0
472.069,7,7.0
809.02,7,7.0
596.4,7,7.0
588.042,7,7.0
525.764,7,7.0
309.3,7,7.0
903.1,7,7.0
309.1231,7,3.5
388.121,7,7.0
649.1,7,7.0
309.163,7,3.5
526.18,7,7.0
338.504,7,7.0
338.633,7,7.0
512.123,7,3.5
797.2,7,7.0
511.6099,7,7.0
911.0491,7,7.0
309.141,7,7.0
909.51099,7,3.5
527.09,7,3.5
584.43,7,7.0
527.89,7,7.0
309.1239,7,7.0
309.11228,7,7.0
307.323,7,7.0
911.009,7,7.0
696.95,7,7.0
367.1,7,7.0
491.95,7,3.5
613.75,7,7.0
491.5099,7,3.5
792.6,7,3.5
511.487,7,7.0
911.65,7,3.5
911.81,7,7.0
528.97,7,7.0
577.03,7,7.0
577.2,7,7.0
238.1,7,7.0
240.4,7,7.0
250,7,3.5
511.186,7,1.75
511.29,7,1.75
792.87,7,7.0
750.77,7,3.5
344.7,7,2.3333333333333335
345,7,7.0
342.104,7,3.5
677.43099,7,7.0
236.92571,7,7.0
236.9269,7,7.0
236.997,7,3.5
237.0902,7,7.0
235.5,7,3.5
912.04,7,3.5
911.099,7,7.0
913.4,7,7.0
389.0911,7,1.75
453.904,7,3.5
342.12,7,7.0
600.48594,7,7.0
349.11029,7,2.3333333333333335
346.09,7,3.5
600.91,7,7.0
532.93,7,7.0
533.034,7,7.0
231.15,7,7.0
913.007,7,7.0
233.08818,7,7.0
534.21,7,7.0
227.5,7,2.3333333333333335
538,7,1.75
927.9,7,7.0
405,7,7.0
673.4911,7,3.5
511.119,7,3.5
349.0099,7,2.3333333333333335
350.27,7,7.0
350.122,7,7.0
568.849,7,7.0
539.151,7,7.0
930.5,7,7.0
925.08,7,7.0
413.01,7,7.0
410.27,7,3.5
929.05,7,7.0
567.656,7,7.0
539.997,7,2.3333333333333335
210.4,7,7.0
942.21,7,3.5
204.15099,7,7.0
539.9076,7,7.0
603,7,7.0
365.542,7,7.0
365.44,7,2.3333333333333335
544.72,7,3.5
566.52,7,7.0
981.15502,7,7.0
980.7,7,2.3333333333333335
425.09,7,7.0
425.32,7,7.0
668.44,7,7.0
424.5,7,7.0
450.979,7,7.0
443.7,7,3.5
130,7,3.5
165.33,7,3.5
566.22,7,7.0
543.8,7,7.0
723,7,1.4
359.1189,7,7.0
981.702,7,3.5
112.70912,7,7.0
549.28,7,7.0
563.97,7,7.0
070.4099,7,7.0
069.3,7,7.0
553.88,7,3.5
028.64,7,7.0
983.9102,7,7.0
026.99,7,7.0
559.649,7,7.0
984.02,7,1.4
360.92,7,3.5
499.32,7,7.0
498.0159,7,7.0
364.251,7,1.4
363.3,7,7.0
498.76,7,7.0
362.111,7,2.3333333333333335
428.568,7,7.0
005.131,7,7.0
658.33,7,3.5
431.53,7,7.0
004.731,6,6.0
992.6,6,6.0
992.5,6,3.0
992.4,6,6.0
004.792,6,3.0
005.72027,6,6.0
005.75331,6,6.0
431.47,6,6.0
657.5099,6,6.0
657.50911,6,6.0
998.517,6,6.0
004.32,6,3.0
558.34352,6,6.0
610.3,6,6.0
609.311,6,6.0
362.042,6,3.0
363.76,6,6.0
364.011,6,6.0
360.53,6,6.0
360.28,6,6.0
360.10911,6,6.0
360.925,6,6.0
350.791,6,3.0
350.7023,6,6.0
498.994,6,6.0
606.913,6,3.0
510.7,6,2.0
350.911,6,6.0
365.55,6,6.0
365.451,6,6.0
509.11,6,0.8571428571428571
601 ,6,6.0
349.4202,6,3.0
349.42013,6,6.0
349.29,6,2.0
350.027,6,6.0
511.1315,6,6.0
511.163,6,3.0
600.46,6,6.0
511.181,6,6.0
784,6,3.0
699.93,6,6.0
491.47,6,6.0
493.35,6,6.0
366.3,6,2.0
340.928,6,6.0
340.915,6,1.2
340.9145,6,3.0
511.472,6,6.0
511.405,6,6.0
598.47,6,6.0
799.1,6,3.0
792.96,6,6.0
803,6,6.0
338.631,6,6.0
338.53,6,6.0
340.11,6,6.0
513.3,6,6.0
336.78,6,6.0
367.7,6,6.0
491.56,6,6.0
372.56,6,6.0
373.1,6,2.0
334.08,6,3.0
594.82077,6,3.0
513.891,6,3.0
811.29,6,6.0
810.9062,6,0.8571428571428571
331.542,6,6.0
332.61,6,6.0
332.60912,6,3.0
332.274,6,6.0
514.971,6,6.0
813.07,6,6.0
485.16025,6,6.0
375.1417,6,3.0
375.1262,6,6.0
375.419,6,3.0
329.0942,6,6.0
329.94,6,0.6666666666666666
330.925,6,6.0
594.54034,6,6.0
594.523077,6,6.0
330.905,6,6.0
327.95,6,6.0
594.51955,6,6.0
8182,6,6.0
329.4012,6,6.0
832.66,6,6.0
517.24,6,6.0
517.963,6,6.0
827,6,6.0
375.467,6,6.0
484.8,6,6.0
376.137,6,6.0
326.317,6,6.0
326.315,6,6.0
326.4304,6,6.0
833.5,6,6.0
519.091,6,3.0
326.180915,6,3.0
325.09,6,3.0
325.36,6,1.5
377.256,6,3.0
378.6,6,3.0
472.192,6,6.0
480.04,6,3.0
477.987,6,6.0
378.3,6,6.0
685.227,6,6.0
685.04,6,2.0
322.82,6,2.0
519.828,6,6.0
323.4,6,6.0
861.099,6,6.0
886,6,6.0
881.099,6,6.0
321.535,6,1.5
521.55,6,2.0
522.1091,6,6.0
524.41,6,6.0
321.326913,6,6.0
892.6509,6,6.0
892.12,6,6.0
684.04,6,3.0
320.015,6,3.0
309.911,6,6.0
894,6,3.0
523.765,6,6.0
589.7103,6,6.0
525.90912,6,1.5
892.89,6,3.0
892.7,6,6.0
902.8,6,6.0
902.099,6,6.0
586.73,6,3.0
901.09,6,6.0
456.92,6,6.0
470.8,6,3.0
679.311,6,2.0
679.1,6,6.0
679.07,6,6.0
678.66,6,6.0
526.0911,6,6.0
525.9511,6,6.0
586.2,6,2.0
309.14221,6,2.0
309.133,6,6.0
238.96,6,6.0
238.34,6,6.0
574.76,6,6.0
529.38,6,6.0
237.35,6,6.0
238.20911,6,6.0
235.26,6,6.0
530.22,6,2.0
911.96,6,1.2
452.43,6,3.0
676.2099,6,2.0
391.4,6,6.0
674.1099,6,6.0
233.239,6,6.0
233.499,6,6.0
233.77,6,6.0
531.076,6,6.0
915.8,6,6.0
232.881,6,6.0
924.04,6,6.0
226.91187,6,6.0
539.099,6,3.0
227.55,6,3.0
673.4,6,6.0
451.034,6,6.0
653.204,6,6.0
453.04,6,6.0
409.42,6,6.0
671.5709,6,6.0
219.141,6,6.0
539.425,6,6.0
925.07,6,6.0
925.05,6,6.0
223.579,6,3.0
539.27,6,6.0
539.154,6,3.0
539.903,6,6.0
539.76,6,6.0
539.7099,6,6.0
654.2,6,3.0
451.597,6,6.0
451.33,6,3.0
412.823,6,2.0
670.9255,6,6.0
413.99,6,6.0
191.16,6,6.0
204,6,1.5
209.42,6,6.0
182.69,6,6.0
182.61,6,6.0
540.09205,6,3.0
166.8099,6,6.0
541.12,6,6.0
566.81,6,6.0
543.12,6,6.0
544.52,6,6.0
669.99,6,6.0
443.104,6,6.0
447.2,6,6.0
662.47,6,6.0
425.1,6,6.0
543.9344,6,6.0
120,6,6.0
147,6,6.0
549.615,6,6.0
112.3,6,6.0
113.04,6,3.0
029.5099,6,6.0
556.023,6,3.0
051,6,6.0
071,6,6.0
984.263,6,6.0
556.09,6,6.0
013.01,6,6.0
988.4,6,6.0
659.499,6,6.0
437.0316,6,6.0
004.015,5,5.0
998.1,5,5.0
519.6932,5,5.0
519.6938,5,5.0
519.77,5,5.0
519.332,5,5.0
439.84,5,5.0
010.92,5,5.0
559.3457,5,5.0
559.4209,5,5.0
592.11,5,5.0
321.5568,5,5.0
325.38,5,2.5
843.808,5,5.0
846.6,5,5.0
325.2115,5,5.0
325.5027,5,5.0
519.97,5,5.0
668.48349,5,5.0
668.4854,5,2.5
421.3,5,5.0
988.113,5,1.6666666666666667
011.5,5,2.5
873.6,5,5.0
321.5.,5,5.0
320.9812,5,5.0
522.71,5,2.5
326.36,5,2.5
326.361,5,2.5
517.66,5,5.0
594.3994,5,5.0
326.76092,5,5.0
326.393,5,5.0
320.918,5,5.0
654.4804,5,5.0
654.52,5,5.0
446.6,5,5.0
013.9,5,1.6666666666666667
525.45,5,2.5
517.5 574,5,5.0
589.7104,5,5.0
892.93,5,5.0
327.23,5,5.0
326.7904,5,5.0
327.05,5,5.0
516.9385804,5,5.0
822.5,5,5.0
899,5,5.0
900.99,5,1.25
586.28,5,5.0
329.4042,5,5.0
517.10952,5,5.0
587.1,5,5.0
418,5,2.5
668.8592,5,5.0
413.85,5,5.0
587.39,5,5.0
309.1269,5,1.6666666666666667
515.736,5,2.5
515.12,5,2.5
331.38,5,1.25
331.33,5,5.0
309.1184,5,5.0
583.32,5,5.0
331.50924,5,5.0
813.,5,5.0
331.3713011,5,2.5
594.554604,5,5.0
513.931,5,5.0
412.814,5,5.0
653.268,5,2.5
555.24,5,5.0
984.2902,5,2.5
984.29802,5,5.0
331.540911,5,5.0
331.504,5,1.25
331.5091,5,5.0
526.155,5,5.0
309.1256,5,2.5
309.114,5,1.0
911.0091,5,1.6666666666666667
811.607,5,2.5
671.4,5,5.0
811.2509,5,5.0
334.2231,5,2.5
594.95,5,5.0
301.45,5,5.0
335.8023,5,5.0
526.53,5,5.0
291.2,5,5.0
292.2,5,5.0
335.9077,5,5.0
513.32,5,5.0
337.209,5,2.5
577.6,5,5.0
527.547,5,5.0
527.6409,5,5.0
512.8019,5,5.0
512.5155,5,5.0
512.15,5,2.5
559.6,5,5.0
402.5,5,1.6666666666666667
673.492,5,5.0
673.4926,5,5.0
911.44,5,5.0
340.921,5,5.0
911.54,5,2.5
600.44,5,5.0
796.7,5,1.6666666666666667
511.57,5,5.0
237.43,5,2.5
574.75604,5,5.0
779.7,5,5.0
511.184,5,5.0
390.942,5,2.5
391.1,5,5.0
391.3,5,5.0
391.92,5,1.6666666666666667
552.4,5,5.0
059.85,5,5.0
982.994102,5,5.0
236.925,5,2.5
600.69116,5,5.0
511.177,5,5.0
236.8,5,2.5
760.02,5,5.0
511.139,5,2.5
748,5,5.0
344.8,5,2.5
346,5,1.25
530.024,5,1.6666666666666667
235.37,5,5.0
912.071,5,1.6666666666666667
234.04,5,5.0
234.12,5,1.6666666666666667
349.1101,5,2.5
346.53,5,5.0
600.925,5,5.0
349.24018,5,5.0
233.29,5,5.0
573.511099,5,5.0
574.02,5,5.0
350.72,5,5.0
233.088325,5,5.0
913.7,5,5.0
232.7,5,2.5
232.85,5,5.0
388.1248,5,5.0
030.8,5,5.0
604.54,5,2.5
231.48,5,5.0
570.65099,5,5.0
359.004,5,1.6666666666666667
359.06,5,5.0
360.004,5,2.5
360.07,5,5.0
228.3,5,2.5
228.4,5,5.0
499.4,5,2.5
499.8,5,2.5
499.804,5,5.0
609.13,5,2.5
715.03,5,2.5
643,5,2.5
462,5,2.5
982.31,5,5.0
982.51402,5,5.0
070.434,5,0.8333333333333334
069.0926,5,5.0
715.04,5,5.0
225.82,5,5.0
361.865,5,5.0
362.02,5,5.0
361.54,5,2.5
570.6027,5,5.0
535.01,5,5.0
224.099,5,5.0
362.25,5,2.5
362.42,5,5.0
679.72,5,2.5
680.3,5,5.0
680.925,5,1.6666666666666667
679.315,5,5.0
363.66,5,5.0
363.76077,5,5.0
363.77,5,5.0
609.27,5,5.0
926.061,5,5.0
539.5,5,2.5
569.6,5,5.0
495.704,5,5.0
364.721,5,2.5
709,5,1.25
366.13,5,5.0
552.9272,5,5.0
681.31,5,5.0
381.33,5,5.0
563.077,5,5.0
549.1,5,1.25
549.22,5,2.5
365.1211,5,5.0
610.73,5,5.0
698.7,5,5.0
365.8077,5,5.0
494.76,5,5.0
219.147,5,5.0
219.18,5,5.0
928.06,5,5.0
929.81,5,5.0
698.32,5,5.0
539.74,5,1.6666666666666667
539.2,5,1.6666666666666667
930.3,5,5.0
380.915,5,5.0
640.911,5,5.0
121.3,5,5.0
125,5,5.0
931,5,5.0
209.1,5,2.5
696.109,5,5.0
696.3,5,5.0
942.14,5,5.0
620.911,5,1.6666666666666667
195.953,5,2.5
192.4,5,1.0
370.139,5,2.5
368.12,5,5.0
368.123,5,2.5
477.5,5,5.0
474.3283,5,5.0
152.5099,5,5.0
151.08,5,2.5
186.2,5,5.0
183.644,5,5.0
370.91105,5,5.0
370.926,5,5.0
372.47,5,1.6666666666666667
692.069,5,5.0
540.0911155,5,2.5
375.1269,5,5.0
489.618,5,2.5
489.67,5,2.5
377.193,5,5.0
687.18,5,5.0
376.61,5,5.0
688.601,5,5.0
375.37,5,5.0
375.14692,5,1.6666666666666667
165.9,5,2.5
688.10911,5,5.0
688.3,5,5.0
981.186,5,5.0
565.09,5,5.0
543.95,5,5.0
556.754,5,5.0
439.75,5,5.0
658.07,5,5.0
005.215,5,5.0
558.341,5,5.0
323.31,4,4.0
861.09,4,4.0
558.354,4,4.0
238.50911,4,4.0
251,4,4.0
688.0924,4,4.0
543.952,4,4.0
981.197,4,1.3333333333333333
375.45,4,4.0
376.574,4,4.0
376.54,4,4.0
556.77504,4,4.0
004.45,4,4.0
597.9,4,2.0
512.425,4,4.0
527.4986,4,4.0
579,4,4.0
577.9,4,4.0
850,4,0.3333333333333333
520.929,4,4.0
321.555597,4,4.0
867,4,4.0
324.0911,4,2.0
397.8,4,4.0
396.6,4,4.0
450.99,4,4.0
559.62878,4,4.0
026.99023,4,4.0
026.30942,4,4.0
335.94,4,4.0
810.904,4,4.0
911.039,4,4.0
810.91155,4,4.0
153.04,4,4.0
981.2028,4,4.0
688.509,4,4.0
489.722,4,2.0
376.459,4,4.0
477.3113,4,4.0
981.15702,4,4.0
540.0913,4,4.0
540.942,4,4.0
375.16132,4,4.0
513.39,4,4.0
238.257,4,4.0
238.2414,4,4.0
340.04,4,4.0
802.0664,4,4.0
594.8204,4,4.0
513.89099,4,2.0
793.3,4,4.0
792.89,4,4.0
340.26,4,4.0
340.2511,4,4.0
340.91863,4,4.0
784.4,4,4.0
783,4,4.0
374.36,4,4.0
981.1102,4,4.0
567.674,4,4.0
692.067,4,4.0
688.604,4,4.0
381.0911,4,4.0
472.529,4,2.0
472.52644,4,4.0
472.5248,4,4.0
592.381,4,4.0
372.48,4,4.0
372.44,4,2.0
692.019,4,2.0
484.1,4,2.0
370.924,4,4.0
488.41025,4,4.0
486.6,4,4.0
653.08,4,2.0
453.22,4,2.0
453.2,4,4.0
671.62,4,4.0
594.81,4,4.0
912.0025,4,2.0
029.0911,4,4.0
675.6,4,4.0
391.93,4,4.0
673.5304,4,4.0
911.95,4,1.3333333333333333
530.42,4,4.0
530.41077,4,4.0
530.35,4,4.0
235.75,4,4.0
186.04,4,4.0
190.1,4,4.0
981.32602,4,4.0
151.212,4,2.0
151.585,4,2.0
475.076,4,4.0
684.8,4,2.0
325.34,4,4.0
325.77059,4,4.0
693.404,4,4.0
370.457,4,4.0
969.8099,4,4.0
960,4,4.0
539.704,4,4.0
568.4,4,2.0
490.23,4,4.0
321.5413,4,4.0
668.18,4,4.0
427.12,4,4.0
341.009,4,4.0
530.092,4,4.0
530.09,4,4.0
530.029,4,1.3333333333333333
344.3,4,4.0
344.1,4,2.0
756,4,4.0
753.1,4,1.0
767.4,4,2.0
326.319,4,2.0
517.895,4,4.0
491.543,4,4.0
539.90912,4,4.0
540.09113,4,4.0
204.2,4,4.0
203,4,4.0
201.0911,4,4.0
698.2103,4,4.0
367.4162,4,4.0
370.132,4,4.0
370.11,4,2.0
563.37,4,4.0
472.372,4,4.0
472.36,4,4.0
380.9126,4,4.0
326.211,4,2.0
574.1,4,1.0
513.99463,4,4.0
513.99442,4,4.0
513.99404,4,4.0
513.99,4,4.0
332.609,4,4.0
811.62099,4,1.3333333333333333
309.09,4,4.0
911.00254,4,2.0
309.1144,4,4.0
457.0911,4,2.0
390.18,4,1.3333333333333333
349.42011,4,1.3333333333333333
349.29011,4,4.0
349.16,4,4.0
511.105,4,4.0
326.369,4,2.0
326.35,4,4.0
367.0942,4,4.0
366.247,4,2.0
367.39023,4,2.0
209.18,4,4.0
234.15,4,4.0
812.071,4,4.0
025.4,4,4.0
028.6,4,2.0
450.1,4,4.0
928.5,4,4.0
495.15,4,4.0
493.73,4,2.0
365.92,4,4.0
495.49025,4,2.0
326.70911,4,4.0
326.39352,4,4.0
831.7,4,4.0
517.78,4,4.0
451.517,4,4.0
350.1077,4,4.0
532.4,4,1.3333333333333333
531.1027,4,4.0
233.215,4,4.0
233.781,4,4.0
232.5,4,4.0
913.23,4,4.0
233.107,4,4.0
684.01,4,2.0
381.30911,4,0.8
013.4,4,4.0
984.602,4,4.0
443.44,4,4.0
420.17,4,2.0
412.82,4,4.0
515.122,4,4.0
331.37141011,4,4.0
331.3712,4,4.0
309.11863,4,4.0
914.104,4,4.0
0551.151,4,4.0
982.8,4,4.0
677.22,4,4.0
069.1,4,4.0
233.017,4,4.0
709.11,4,1.3333333333333333
707.3,4,2.0
365.45,4,4.0
365.4077,4,4.0
495.6,4,4.0
539.4204,4,4.0
365.7077,4,4.0
365.584,4,4.0
550.75,4,4.0
915.03,4,4.0
510.733,4,4.0
351.155,4,4.0
914.3,4,1.0
594.522,4,4.0
516.34,4,4.0
514.339,4,4.0
329.40231,4,4.0
609.4,4,4.0
498.6604,4,4.0
363.68,4,4.0
594.3,4,4.0
517.5023,4,2.0
831.09,4,4.0
830.99,4,2.0
813.8081,4,4.0
329.942,4,4.0
721.103,4,4.0
532.48,4,4.0
499.748,4,4.0
228.6,4,4.0
221.1,4,4.0
385.7,4,2.0
385.09,4,4.0
680.913,4,4.0
680.8,4,4.0
680.2,4,4.0
679.92,4,4.0
470.25,4,4.0
710.94,4,1.3333333333333333
364.029,4,4.0
232.3,4,4.0
413.845,4,4.0
670.73,4,4.0
668.54,4,4.0
416.2,4,4.0
420.71034,4,4.0
442.63,4,2.0
361.253,4,2.0
900.04,4,4.0
898.1,4,4.0
327.8077,4,4.0
327.54,4,4.0
820.904,4,1.3333333333333333
327.92,4,4.0
328.31,4,4.0
327.0942,4,4.0
459.6,4,4.0
472.1,4,2.0
594.5104,4,4.0
517.16077,4,4.0
327.9815,4,4.0
328.48,4,4.0
309.162,4,4.0
919.6,4,4.0
228.954,4,1.3333333333333333
228.8,4,4.0
362.112,4,2.0
497.92,4,4.0
559.45,4,4.0
559.43,4,4.0
658.51,4,4.0
433.1,4,4.0
556.477,4,4.0
558.099,4,4.0
990.0911,4,4.0
989.1189,4,2.0
519.336,4,4.0
519.3205,4,4.0
375.5399,4,4.0
688.0927,4,4.0
323.8,4,4.0
519.353,4,4.0
559.404,4,4.0
010,4,0.8
441.2,4,4.0
440.902,4,2.0
440.7,4,4.0
443.2024,4,4.0
001.09,4,1.0
005.43077,3,3.0
325.12,3,3.0
324.49,3,3.0
544.12,3,3.0
688.09856,3,3.0
556.8,3,3.0
559.315,3,3.0
004.592,3,1.5
512.22,3,3.0
513.204,3,3.0
513.57,3,3.0
340.260913,3,3.0
802.8,3,3.0
338.5099,3,3.0
527.655,3,3.0
578.1,3,1.0
801.17,3,3.0
340.2409,3,3.0
450.97,3,3.0
689.9,3,3.0
362.025,3,3.0
361.758,3,3.0
516.9361,3,3.0
327.023,3,3.0
826,3,3.0
717.5,3,0.6
070.3,3,3.0
383.3,3,3.0
714.703,3,3.0
586.74,3,3.0
586.70911,3,3.0
328.11,3,1.5
328.53,3,3.0
309.153,3,1.5
309.143,3,1.5
361.66,3,1.0
680.9,3,0.42857142857142855
981.802,3,3.0
711.28,3,3.0
710.5,3,1.0
364.042,3,3.0
918.03,3,3.0
231.034,3,3.0
231.01,3,1.5
230.108,3,3.0
534.1,3,3.0
909.01,3,3.0
525.68,3,1.5
587.17,3,3.0
418.713,3,3.0
361.52,3,1.0
361.4304,3,3.0
523.68,3,3.0
589.92103,3,3.0
594.34,3,3.0
517.44,3,3.0
831.1,3,1.5
329.2,3,1.5
515.75,3,3.0
309.1311,3,3.0
360.023,3,3.0
352.5,3,3.0
724.7,3,3.0
532.841,3,3.0
360.8,3,3.0
360.12,3,3.0
718.95,3,3.0
924.5,3,3.0
219.04,3,3.0
220.10911,3,1.5
118,3,1.5
561.14,3,3.0
606.04,3,1.5
510.732,3,1.5
351.183,3,3.0
351.1704,3,3.0
351.12104,3,1.5
515.704,3,3.0
516.53,3,1.5
329.4011,3,3.0
220.913,3,3.0
220.91,3,3.0
221.91,3,1.5
320.27,3,3.0
332.20911,3,3.0
513.928023,3,1.5
331.37111013,3,3.0
813.03,3,1.5
584.077,3,3.0
559.72,3,3.0
553.42,3,3.0
388.11349,3,3.0
388.318,3,3.0
388.213,3,3.0
536.016,3,3.0
231.9,3,3.0
915.053,3,3.0
701.04,3,0.75
365.026,3,3.0
569.9,3,3.0
986.402,3,3.0
017.1,3,1.5
985.302,3,1.5
022.4,3,3.0
446.809,3,3.0
446.62,3,3.0
423.4,3,3.0
320.51,3,3.0
233.0885,3,3.0
233.08848,3,3.0
530.91,3,3.0
507.5099,3,1.5
507.14214,3,3.0
349.91,3,3.0
350.18,3,3.0
350.13,3,1.5
928.03,3,3.0
537.6,3,3.0
570.1,3,3.0
493.9,3,3.0
326.709,3,3.0
326.743,3,1.5
517.3204,3,3.0
350.0911,3,1.0
530.46,3,3.0
573.9,3,3.0
233.2,3,3.0
912.6099,3,3.0
233.49,3,3.0
509.29,3,3.0
381.7509,3,3.0
381.30912,3,1.5
698.3099,3,3.0
698.2107,3,3.0
698.2104,3,3.0
697,3,3.0
696,3,3.0
600.929,3,3.0
600.92045,3,3.0
346.25,3,3.0
234.172,3,3.0
235.304,3,3.0
652.7,3,3.0
811.902,3,3.0
331.514,3,3.0
331.50929,3,3.0
559.6968,3,3.0
450.962,3,3.0
309.0914,3,3.0
652.2,3,3.0
454.0702,3,3.0
388.14,3,3.0
390,3,3.0
552.2,3,3.0
559.96,3,3.0
528.424,3,3.0
601.03,3,1.5
510.913,3,3.0
349.42018,3,3.0
594.16,3,3.0
518.099,3,3.0
549.61,3,3.0
539.156,3,1.5
568.8,3,3.0
122,3,1.5
137,3,1.5
548,3,3.0
547.92,3,3.0
839.3,3,0.1875
521.923,3,3.0
524.209,3,3.0
321.323,3,3.0
593.231,3,1.5
519.134,3,3.0
839.833,3,0.75
767.2,3,3.0
759.81,3,3.0
811.7082,3,3.0
513.74,3,3.0
301.091,3,3.0
568.5,3,3.0
629.24,3,1.0
620.921,3,3.0
012.12,3,3.0
988,3,3.0
511.175,3,3.0
511.1683,3,3.0
340.92994,3,3.0
774.076,3,3.0
747.77,3,3.0
349.0077,3,3.0
773,3,3.0
517.8904,3,3.0
517.8903,3,3.0
539.9813,3,1.5
695.504,3,3.0
409.871,3,3.0
811.2409,3,1.0
236.92,3,3.0
983.202,3,3.0
675,3,1.5
236.23,3,3.0
912.025,3,1.5
600.902,3,3.0
152.415,3,1.5
473.7,3,1.5
592.02027,3,3.0
521.79,3,3.0
325.77023,3,3.0
326.165023,3,1.0
593.238,3,1.0
1995,3,3.0
592.34,3,3.0
372.941,3,3.0
691.8,3,3.0
692.0912,3,3.0
692.0732,3,3.0
489.652,3,3.0
489.575,3,3.0
237.38,3,3.0
237.33,3,3.0
511.498,3,3.0
799,3,3.0
797.45,3,3.0
671.14,3,3.0
670.91,3,3.0
670.903,3,3.0
671.809,3,3.0
301.0929,3,3.0
594.99,3,3.0
513.857,3,3.0
911.75,3,3.0
911.47,3,3.0
800.9,3,3.0
511.402,3,3.0
511.485,3,3.0
374.68,3,3.0
375.2269,3,3.0
543.41,3,3.0
169,3,3.0
376.64,3,3.0
687.04,3,3.0
377.609,3,1.0
592.9,3,3.0
481.61,3,3.0
165.35,3,3.0
981.183,3,1.5
981.1702,3,3.0
981.15802,3,3.0
375.432,3,1.5
911.29,3,3.0
238.272,3,1.5
238.26911,3,3.0
238.242,3,3.0
339.411,3,3.0
802.043,3,3.0
581.1,3,1.5
581,3,3.0
579.64,3,3.0
527.44,3,1.5
688.85,3,3.0
592.33,3,3.0
519.53,3,3.0
519.517,3,3.0
521.4,3,3.0
321.562,3,3.0
321.832,3,3.0
322.231,3,3.0
519.8111,3,3.0
324.1,3,0.25
451.1,3,3.0
559.475,3,3.0
286,3,3.0
291.123,3,3.0
526.33,3,3.0
336.333,3,3.0
558.935,3,3.0
519.3,3,3.0
322.12,3,3.0
322.9542,3,3.0
004.721,3,3.0
558.35,3,3.0
559.10913,3,3.0
336.996,3,3.0
336.7,3,3.0
337.09111,3,1.5
338.099,3,3.0
338.30911,3,3.0
688.091,3,3.0
377.04212,3,3.0
162.3,3,3.0
688.25,3,3.0
570.327,3,3.0
570.3112,3,3.0
226.4,3,1.5
228.95,3,1.5
228.9,3,1.5
362.115,3,1.5
497.96,3,3.0
223.582,3,3.0
922.02,3,1.5
005.272,3,1.5
990.24,3,3.0
658.0911,3,3.0
004.221,3,3.0
992.27,3,3.0
559.344752024,3,3.0
004.5781,3,3.0
003,2,2.0
658.9,2,2.0
005.132,2,2.0
165.75,2,2.0
981.191,2,1.0
981.19202,2,2.0
565.2,2,2.0
521.537,2,2.0
519.3994,2,2.0
375.434,2,2.0
481.37,2,2.0
160.328,2,2.0
981.25202,2,1.0
377.333,2,2.0
376.6471,2,2.0
981.14902,2,2.0
544.4,2,2.0
631.3,2,2.0
631.9,2,1.0
340.10913,2,2.0
238.81,2,2.0
238.92,2,2.0
911.0923,2,2.0
911.33,2,2.0
811.081,2,2.0
811.2,2,1.0
335.23,2,2.0
291.1099,2,2.0
280.099,2,2.0
336.09,2,0.6666666666666666
513.804,2,2.0
983.8402,2,2.0
983.9202,2,2.0
392.13,2,2.0
340.49122,2,2.0
511.18099,2,2.0
800.09,2,1.0
911.53,2,2.0
911.74,2,1.0
911.84,2,2.0
511.185,2,2.0
511.188,2,2.0
796.7203,2,1.0
671.24,2,2.0
334.23304,2,2.0
513.854904,2,2.0
301.4,2,2.0
527.38604,2,2.0
527.45,2,2.0
527.469,2,2.0
802.044,2,1.0
389.0912,2,1.0
236.913,2,2.0
236.9241,2,2.0
237.3,2,2.0
406,2,1.0
407.3,2,2.0
453.5,2,2.0
453.784,2,2.0
450.9851,2,2.0
511.5099,2,2.0
237.45,2,2.0
237.53,2,2.0
529.3,2,1.0
575.78,2,2.0
600.903,2,2.0
792.56,2,2.0
459.4,2,2.0
454.23,2,2.0
454.92,2,2.0
455,2,2.0
309.112349,2,2.0
331.545,2,0.6666666666666666
513.99466,2,2.0
342.23,2,1.0
510.912,2,0.6666666666666666
600.73,2,2.0
236.865,2,2.0
236.905,2,2.0
236.91,2,2.0
911.88,2,2.0
391.22,2,2.0
675.204,2,2.0
530.99,2,2.0
604.22,2,1.0
604.23,2,2.0
233.5088,2,2.0
739.71,2,1.0
653.256,2,2.0
653.4,2,2.0
559.678,2,2.0
555.611,2,1.0
811.75,2,2.0
331.470926,2,2.0
236.06,2,2.0
349.099,2,1.0
559.9045,2,1.0
551.31,2,2.0
389.099,2,1.0
572.62,2,2.0
070.13,2,0.6666666666666666
453.03,2,2.0
033,2,2.0
553.3,2,2.0
553.47,2,2.0
309.1371,2,2.0
910.025,2,2.0
525.920911,2,2.0
514.4813,2,2.0
513.925,2,2.0
331.50926,2,2.0
349.95,2,2.0
733,2,2.0
739,2,2.0
530.95,2,2.0
359.074,2,2.0
728,2,2.0
350.831,2,2.0
351.104,2,2.0
498.5804,2,2.0
718.99,2,1.0
359.116,2,1.0
359.1172,2,2.0
360.099,2,2.0
309.1259,2,0.6666666666666666
331.35,2,2.0
517.027,2,2.0
309.1348,2,2.0
351.12,2,2.0
351.211,2,2.0
914.6,2,2.0
715.5,2,1.0
718.3,2,2.0
718.49,2,1.0
718.55,2,2.0
020.7,2,1.0
412.86,2,2.0
413.485,2,2.0
421.4,2,2.0
421.5,2,1.0
525.753,2,2.0
533.7,2,2.0
916.4,2,2.0
228.5,2,2.0
609.105,2,2.0
498.58,2,2.0
359.0023,2,2.0
718.9,2,2.0
539.114,2,0.5
539.142,2,2.0
361.65,2,2.0
361.752,2,2.0
327.9811,2,2.0
517.09,2,2.0
517.2,2,1.0
594.42,2,2.0
984.4202,2,2.0
386.1,2,2.0
386.9,2,2.0
469.04,2,2.0
982.5,2,2.0
070.4027,2,2.0
070.422,2,2.0
112.7092,2,2.0
679.82,2,0.6666666666666666
680.929,2,2.0
924.045,2,2.0
823.609,2,2.0
594.5141,2,2.0
328.14,2,2.0
328.32,2,2.0
897.1,2,2.0
362.009,2,2.0
534.15,2,2.0
924.03,2,2.0
362.116,2,1.0
711.2503,2,2.0
718.6,2,2.0
718.75,2,2.0
539.525,2,1.0
539.6,2,2.0
569.91,2,2.0
701.7099,2,2.0
594.3942,2,2.0
523.99,2,2.0
311.1,2,2.0
327.26,2,2.0
327.504,2,2.0
822.7,2,0.6666666666666666
223.23,2,2.0
223.512,2,2.0
498.62,2,2.0
710.02,2,2.0
710.0209,2,2.0
710.19,2,2.0
365.95,2,1.0
616.15,2,2.0
219.183,2,2.0
929.04,2,2.0
892.86,2,1.0
654.8,2,2.0
320.1073,2,2.0
525.44,2,2.0
699.704,2,2.0
365.54,2,2.0
381.3091,2,2.0
381.309147,2,2.0
551.025,2,2.0
610.915,2,2.0
610.9204,2,2.0
219.1199,2,2.0
211.12,2,2.0
211.19,2,2.0
215.82,2,1.0
539.7077,2,2.0
698.2109,2,2.0
698.59,2,2.0
215.88,2,0.6666666666666666
217,2,2.0
518.32,2,2.0
517.386,2,2.0
833.09,2,2.0
326.41,2,0.5
320.914,2,2.0
610.9269,2,2.0
365.77,2,2.0
365.83,2,2.0
370.10926,2,2.0
698.0911,2,2.0
209.2,2,2.0
942.03,2,2.0
204.11,2,2.0
539.98099,2,1.0
539.9842,2,2.0
370.019,2,2.0
326.2023,2,0.6666666666666666
320.95,2,2.0
320.9111,2,2.0
839.409,2,2.0
641.4,2,2.0
544.9,2,2.0
138.5,2,2.0
939.1,2,2.0
379.6,2,2.0
151.57,2,0.6666666666666666
188.04,2,2.0
186.304,2,2.0
321.5704,2,2.0
321.570911,2,2.0
986.91,2,0.6666666666666666
437.0034,2,2.0
437.032,2,2.0
438.9,2,2.0
426.70732,2,2.0
427.4,2,2.0
989.1158,2,1.0
321.5402924,2,2.0
321.35,2,2.0
949.3,2,2.0
540.092033,2,2.0
540.092035,2,1.0
566.88,2,2.0
692.099,2,1.0
370.199,2,2.0
691.759,2,2.0
372.8,2,2.0
593.245,2,2.0
518.588,2,2.0
326.22,2,2.0
325.956,2,1.0
325.90912,2,2.0
592.07,2,2.0
684.3,2,2.0
685.01,2,1.0
379.5,2,2.0
005.113,2,2.0
003.54099,2,2.0
559.126,2,2.0
429.223,2,2.0
657.0911,2,2.0
435.43,2,2.0
556.249,2,2.0
519.357,2,2.0
324.32,2,2.0
634.904,2,2.0
635,2,2.0
543.99,2,2.0
004.1603,2,2.0
559.3446,2,2.0
556.77,2,2.0
375.4692,2,2.0
340.2109,2,2.0
238.6,2,2.0
338.5404,2,1.0
338.14,2,2.0
512.46,2,2.0
512.494,2,2.0
512.153,2,2.0
513.54,2,2.0
513.356,2,2.0
337.109,2,2.0
336.4251,2,2.0
259,2,2.0
238.483,2,2.0
322.9,2,2.0
323.58,2,2.0
519.63,2,2.0
559.125,1,1.0
991.148,1,1.0
005.86,1,1.0
439.78,1,1.0
429.27,1,1.0
428.3,1,1.0
989.13,1,1.0
989.1181,1,1.0
321.56304,1,1.0
521.57,1,1.0
325.353,1,1.0
325.744,1,1.0
325.70953,1,1.0
325.779,1,1.0
325.98077,1,1.0
325.392,1,1.0
521.557,1,1.0
862.09,1,1.0
322.831,1,1.0
522.655,1,1.0
320.91104,1,1.0
321.12,1,0.2
519.136,1,1.0
839.65,1,1.0
326.3353,1,1.0
880.99,1,1.0
012.9028,1,0.5
988.23,1,1.0
421.11,1,1.0
429.41,1,1.0
986.91024,1,1.0
986.9,1,1.0
985.5029,1,1.0
022.3176,1,1.0
021.1,1,0.5
654.499746,1,1.0
421.62,1,1.0
555.61109,1,1.0
320.902,1,1.0
320.925,1,1.0
522.10911,1,1.0
326.3609,1,1.0
521.82,1,1.0
523.6503,1,1.0
450.91152,1,1.0
451.507,1,1.0
453.77,1,0.5
453.24,1,1.0
672.34,1,1.0
673.511099,1,1.0
393,1,1.0
673.51099,1,0.5
673.4927,1,1.0
673.2,1,1.0
895.8,1,1.0
523.683,1,1.0
594.3466,1,1.0
326.735,1,1.0
326.734,1,1.0
525.43,1,1.0
320.18,1,1.0
552.3,1,1.0
674.1,1,1.0
673.7,1,1.0
650.911,1,1.0
454.06,1,1.0
555.83,1,1.0
070.23,1,1.0
820.82,1,1.0
516.955,1,1.0
516.93248,1,1.0
830.905,1,0.5
824.5,1,1.0
327.50911,1,1.0
896.83,1,0.25
309.914,1,1.0
896.72,1,0.5
896.71,1,1.0
388.1165,1,1.0
388.1148,1,1.0
452.3,1,0.3333333333333333
070.423,1,1.0
070.25,1,1.0
309.12993,1,1.0
905,1,1.0
586.731,1,1.0
517.1077,1,1.0
327.9811012,1,1.0
586.709,1,1.0
309.154,1,1.0
900.077,1,1.0
472.1161,1,1.0
385.6,1,1.0
680.926,1,1.0
982.024,1,1.0
549.23,1,1.0
561.43,1,1.0
550.34,1,1.0
380.9114,1,1.0
684.099,1,0.5
683.11,1,1.0
381.55,1,1.0
549.83,1,1.0
119.1,1,1.0
131,1,1.0
546.023,1,0.5
564.6,1,1.0
472.073,1,1.0
910.05,1,1.0
331.370911,1,1.0
331.36,1,1.0
331.3729011,1,1.0
329.9011,1,1.0
330.942,1,1.0
330.915,1,1.0
515.7322,1,1.0
331.3904,1,1.0
513.92,1,1.0
514.03,1,1.0
513.99477,1,1.0
525.9206,1,1.0
525.9204,1,1.0
309.1196,1,1.0
472.4,1,1.0
380.929,1,1.0
378.39,1,1.0
472.09,1,1.0
685.2678,1,1.0
152.4,1,0.2
153.4,1,1.0
544.13,1,1.0
632,1,1.0
484.9,1,1.0
484.23,1,1.0
688.0925,1,1.0
688.028099,1,1.0
377.001,1,1.0
160.322,1,1.0
513.852,1,1.0
513.955,1,1.0
334.22304,1,1.0
332.279,1,1.0
334.10911,1,1.0
981.19602,1,1.0
981.195,1,1.0
981.189,1,1.0
165.74,1,0.3333333333333333
688.0928,1,1.0
376.549,1,1.0
981.18402,1,1.0
981.182,1,1.0
541.1,1,1.0
526.31,1,0.3333333333333333
334.24099,1,1.0
335.2,1,1.0
810.92,1,1.0
336.1,1,1.0
581.06,1,1.0
527.3,1,1.0
540.99,1,1.0
375.403,1,1.0
375.4004,1,1.0
688.304,1,1.0
374.7407,1,1.0
374.7114,1,1.0
375.14,1,0.5
338.3099,1,1.0
336.0911,1,0.5
260,1,1.0
291.13,1,1.0
291,1,1.0
981.11602,1,0.5
567.29,1,1.0
691.75,1,1.0
373.24,1,1.0
481.92118295,1,1.0
370.9249,1,1.0
370.91154,1,1.0
371.34,1,0.5
692.57,1,1.0
338.313,1,1.0
340.230911,1,1.0
340.73,1,1.0
512.7,1,0.25
338.22,1,1.0
911.066099,1,1.0
336.910942,1,1.0
336.45,1,1.0
540.2,1,1.0
190.6,1,1.0
368.69,1,1.0
695.5099,1,1.0
695.1099,1,0.5
370.8077,1,1.0
370.5,1,1.0
911.58,1,1.0
911.57,1,0.3333333333333333
911.46,1,1.0
340.9257,1,1.0
511.4762,1,1.0
511.463,1,1.0
911.3,1,1.0
969.3,1,1.0
950.1,1,1.0
193.8,1,1.0
539.646,1,1.0
568.51,1,1.0
629.9,1,0.5
367.514,1,1.0
369.924,1,1.0
369.12,1,1.0
529.0911,1,1.0
528.93,1,1.0
238.01,1,1.0
237.48,1,1.0
598.1504,1,1.0
795,1,1.0
911.73,1,1.0
539.9812,1,1.0
209.29943,1,1.0
209.26,1,1.0
367.3099,1,1.0
367.6,1,0.5
631.21191,1,1.0
630.99,1,1.0
209.12,1,1.0
937.1,1,1.0
539.158,1,1.0
911.91,1,0.5
792.65,1,1.0
341.7,1,1.0
539.78,1,1.0
698.31099,1,1.0
698.29,1,1.0
366.24,1,0.5
929.2,1,1.0
365.78,1,1.0
698.9,1,1.0
610.41,1,1.0
365.7,1,1.0
701.017,1,1.0
699.5,1,1.0
491.4,1,0.5
709.5,1,1.0
570.027,1,1.0
539.54,1,0.3333333333333333
219.29,1,1.0
530.456,1,1.0
530.44,1,1.0
235.8243,1,1.0
340.931,1,1.0
340.92992,1,1.0
912.01,1,1.0
236.9119,1,1.0
710.6,1,1.0
710.1199,1,0.5
497.05,1,1.0
497.01,1,1.0
609.24,1,1.0
363.4,1,1.0
363.0077,1,0.5
530.08,1,1.0
345.08,1,1.0
763.1,1,0.3333333333333333
220.942,1,1.0
220.92,1,1.0
220.914,1,1.0
714.021,1,0.5
713.2,1,1.0
223.81,1,1.0
225.7,1,1.0
224.1727,1,1.0
227.1,1,1.0
535.2,1,1.0
570.322,1,1.0
539.09,1,1.0
920.48,1,1.0
531.11,1,1.0
509.13,1,0.5
601.099,1,1.0
601.0912,1,1.0
510.92,1,1.0
349.42043,1,1.0
349.130111,1,1.0
349.12041,1,1.0
715.2031,1,1.0
499.6,1,1.0
360.5,1,1.0
232.211,1,1.0
359.13,1,1.0
354.221,1,0.5
723.1,1,0.3333333333333333
532.83,1,1.0
350.8204,1,1.0
350.709,1,1.0
499.025,1,1.0
743.1,1,0.3333333333333333
349.90925,1,1.0
915.04,1,1.0
510.6,1,1.0
350.2191,1,1.0
739.2,1,0.5
433.14,1,1.0
439.73,1,0.5
999.85,1,1.0
559.417,1,1.0
559.4092,1,1.0
324.11,1,1.0
324.29,1,1.0
519.9756,1,1.0
004.7454,1,1.0
004.72,1,1.0
998.688,0,0.0
012.90911,0,0.0
519.4251,0,0.0
519.397,0,0.0
8434,0,0.0
321.8905,0,0.0
321.57151,0,0.0
523.58,0,0.0
522.79,0,0.0
519.0911,0,0.0
839.91,0,0.0
839.823,0,0.0
839.813,0,0.0
880,0,0.0
321.549,0,0.0
321.57099,0,0.0
012.211,0,0.0
535.94,0,0.0
914.8,0,0.0
502.9027,0,0.0
499.82,0,0.0
606.9256,0,0.0
606.91,0,0.0
351.3,0,0.0
913.8,0,0.0
350.271,0,0.0
350.24,0,0.0
739.1,0,0.0
659.0911,0,0.0
433.6,0,0.0
３４２.１,0,0.0
998.54,0,0.0
998.5 863,0,0.0
354.23,0,0.0
352.4,0,0.0
727.2,0,0.0
572.666,0,0.0
738,0,0.0
737.2,0,0.0
350.70926,0,0.0
743.4,0,0.0
350.126,0,0.0
739.86,0,0.0
739.8103,0,0.0
739.6103,0,0.0
739.61,0,0.0
739.403,0,0.0
574.0034,0,0.0
536.24,0,0.0
715.2,0,0.0
609.15,0,0.0
609.11033,0,0.0
499.7,0,0.0
360.199,0,0.0
231.04,0,0.0
231.05,0,0.0
531.04,0,0.0
360.073,0,0.0
360.05,0,0.0
360.0099,0,0.0
359.26,0,0.0
718.98,0,0.0
718.9703,0,0.0
731.27,0,0.0
730.9,0,0.0
361.767,0,0.0
714.503,0,0.0
714.403,0,0.0
226.23,0,0.0
531.16,0,0.0
745.03,0,0.0
600.9204,0,0.0
346.14,0,0.0
747.03,0,0.0
745.2,0,0.0
349.12042,0,0.0
510.11,0,0.0
228.9504,0,0.0
718.81,0,0.0
718.01,0,0.0
715.703,0,0.0
760.1,0,0.0
220.912,0,0.0
220.9118,0,0.0
220.81,0,0.0
220.7,0,0.0
223.87,0,0.0
714.3,0,0.0
713.928,0,0.0
713.6,0,0.0
713.3982,0,0.0
713.393,0,0.0
225.3,0,0.0
227.51,0,0.0
226.912,0,0.0
535.1,0,0.0
361.6,0,0.0
710.27,0,0.0
497.0025,0,0.0
498.64,0,0.0
363.01,0,0.0
912.039,0,0.0
530.073,0,0.0
344.11,0,0.0
751,0,0.0
750.9,0,0.0
511.1311,0,0.0
774.03,0,0.0
773.1,0,0.0
769.9,0,0.0
342.4,0,0.0
342.10911,0,0.0
763,0,0.0
927.071,0,0.0
711.103,0,0.0
759.703,0,0.0
759.35,0,0.0
530.234,0,0.0
912.022,0,0.0
511.172,0,0.0
511.17099,0,0.0
600.901,0,0.0
600.6911,0,0.0
779.03,0,0.0
710.93,0,0.0
710.9203,0,0.0
364.22,0,0.0
364.144,0,0.0
364.01107,0,0.0
575.5,0,0.0
574.929,0,0.0
367.037,0,0.0
366.242,0,0.0
698.23,0,0.0
698.21099,0,0.0
698.21077,0,0.0
928.6,0,0.0
616.34,0,0.0
613.81,0,0.0
613.78,0,0.0
709.2,0,0.0
703.4,0,0.0
703,0,0.0
495.7025,0,0.0
217.39,0,0.0
367.404,0,0.0
697.10911,0,0.0
368,0,0.0
367.523,0,0.0
569.1,0,0.0
912.00254,0,0.0
912.001,0,0.0
911.98,0,0.0
911.92,0,0.0
576.1,0,0.0
792.83,0,0.0
792.803,0,0.0
792.203,0,0.0
783.1,0,0.0
779.6,0,0.0
341.6,0,0.0
628.0911,0,0.0
624,0,0.0
620.905,0,0.0
491.59,0,0.0
369.25,0,0.0
369.15,0,0.0
529.034,0,0.0
911.86,0,0.0
797.703,0,0.0
793.303,0,0.0
911.79,0,0.0
911.78,0,0.0
911.76,0,0.0
911.68,0,0.0
911.62,0,0.0
540.091199,0,0.0
980.2416,0,0.0
190.10911,0,0.0
189.26,0,0.0
368.78,0,0.0
370.10911,0,0.0
969.8,0,0.0
911.52,0,0.0
340.9259,0,0.0
340.9256,0,0.0
340.9148,0,0.0
799.103,0,0.0
511.422,0,0.0
598.1604,0,0.0
238.26903,0,0.0
911.2,0,0.0
967.8,0,0.0
691.732,0,0.0
370.913,0,0.0
371.5,0,0.0
371.0942,0,0.0
692.0942,0,0.0
911.073,0,0.0
527.8,0,0.0
339.2,0,0.0
340.27092,0,0.0
512.15077,0,0.0
512.47,0,0.0
578.03,0,0.0
911.06099,0,0.0
692.0693,0,0.0
540.11,0,0.0
980.3,0,0.0
542.4,0,0.0
172,0,0.0
171.4,0,0.0
336.409384,0,0.0
337.0942,0,0.0
338.06099,0,0.0
338.24,0,0.0
597,0,0.0
513.399,0,0.0
335.9076,0,0.0
810.7,0,0.0
337.0901,0,0.0
911.0495,0,0.0
527.023,0,0.0
981.103,0,0.0
692.023,0,0.0
165.83,0,0.0
526.357,0,0.0
811.24,0,0.0
334.504,0,0.0
810.988,0,0.0
336.33,0,0.0
336.22,0,0.0
526.30911,0,0.0
581.35,0,0.0
301.2,0,0.0
375.213,0,0.0
375.21,0,0.0
688.8,0,0.0
540.5,0,0.0
566.8133,0,0.0
566.53,0,0.0
594.83,0,0.0
811.603,0,0.0
811.36082,0,0.0
811.6081,0,0.0
334.18,0,0.0
301.0913,0,0.0
911.0092,0,0.0
911.00918,0,0.0
307.7,0,0.0
910.426,0,0.0
160.32,0,0.0
376.532,0,0.0
481.15,0,0.0
165.34,0,0.0
165.3,0,0.0
981.18,0,0.0
472.099,0,0.0
376.6911,0,0.0
376.6286,0,0.0
685.911,0,0.0
685.52,0,0.0
158.1,0,0.0
153.45,0,0.0
152.66,0,0.0
152.6,0,0.0
160.2225,0,0.0
159,0,0.0
162,0,0.0
481.0733,0,0.0
377.011,0,0.0
376.7,0,0.0
301.092,0,0.0
472.5099,0,0.0
472.19314,0,0.0
380.92,0,0.0
380.91175,0,0.0
380.9116,0,0.0
549.377,0,0.0
549.37,0,0.0
144.1,0,0.0
142.7,0,0.0
151.09,0,0.0
152.09,0,0.0
151.56,0,0.0
152.413,0,0.0
478.10733,0,0.0
685.11,0,0.0
381.303,0,0.0
514.25506,0,0.0
329.211,0,0.0
814.709,0,0.0
330.9194,0,0.0
516.01,0,0.0
309.1143,0,0.0
514.255,0,0.0
514.435,0,0.0
331.3726011,0,0.0
331.3713,0,0.0
586.204,0,0.0
583,0,0.0
309.1195,0,0.0
910.1,0,0.0
471.52,0,0.0
640.809,0,0.0
381.790911,0,0.0
680.912,0,0.0
679.61,0,0.0
679.35,0,0.0
384.03,0,0.0
981.85,0,0.0
116,0,0.0
115.3,0,0.0
684.09116,0,0.0
684.0911,0,0.0
682.12,0,0.0
381.57,0,0.0
549.6176,0,0.0
813.6099,0,0.0
331.370912,0,0.0
331.3753011,0,0.0
388.603,0,0.0
388.312,0,0.0
070.1,0,0.0
070.911,0,0.0
105,0,0.0
100.99,0,0.0
309.1257,0,0.0
903,0,0.0
517.12077,0,0.0
328.6,0,0.0
526.21,0,0.0
309.159,0,0.0
309.158,0,0.0
900.18,0,0.0
469.29,0,0.0
650.78,0,0.0
673.66,0,0.0
651.04,0,0.0
457.098,0,0.0
555.65,0,0.0
032,0,0.0
822.09,0,0.0
328.35,0,0.0
830.903,0,0.0
327.3059,0,0.0
327.20911,0,0.0
320.077,0,0.0
679.313,0,0.0
679.08,0,0.0
679.06,0,0.0
388.1141,0,0.0
388.11199,0,0.0
394.3,0,0.0
400.77,0,0.0
559.625,0,0.0
590.73,0,0.0
588.1,0,0.0
326.7126,0,0.0
326.7112,0,0.0
326.70925,0,0.0
831.209,0,0.0
525.65,0,0.0
892.8109,0,0.0
892.801,0,0.0
559.499,0,0.0
559.49,0,0.0
674.3,0,0.0
674.209,0,0.0
024.991,0,0.0
555.6,0,0.0
559.698,0,0.0
320.5,0,0.0
326.65,0,0.0
326.43,0,0.0
326.4023,0,0.0
831.9,0,0.0
517.69,0,0.0
518.372099,0,0.0
326.39 361.86,0,0.0
839.33,0,0.0
522.0942,0,0.0
451.5,0,0.0
671.5,0,0.0
394.30942,0,0.0
668.46,0,0.0
668.22,0,0.0
425.9,0,0.0
429.6,0,0.0
020.16,0,0.0
017.12,0,0.0
985.602,0,0.0
446.99,0,0.0
446,0,0.0
443.6,0,0.0
670.72,0,0.0
420.42,0,0.0
420.414,0,0.0
420.34,0,0.0
024.8,0,0.0
024.48,0,0.0
998.98,0,0.0
991.6,0,0.0
991.48,0,0.0
998.72,0,0.0
991.103,0,0.0
005.452,0,0.0
005.744,0,0.0
010.912,0,0.0
657.109,0,0.0
429.252,0,0.0
429.221,0,0.0
429.1,0,0.0
659.0912,0,0.0
990.0926,0,0.0
989.119,0,0.0
989.1155,0,0.0
998.37,0,0.0
556.476,0,0.0
556.03,0,0.0
559.4203,0,0.0
559.4076,0,0.0
011.212,0,0.0
325.02,0,0.0
325.165077,0,0.0
519.635,0,0.0
520.25,0,0.0
323.596,0,0.0
323.2,0,0.0
322.960942,0,0.0
992.903,0,0.0
004.177,0,0.0
004.575023,0,0.0
